TraceRecoverability	DeterministicScreen	verification/FiniteQuerySandbox/Screenability.lean
ExactInternalWitness	ExactEISWitness	verification/FiniteQuerySandbox/Screenability.lean
marginalLeftMass	marginalPairFst	verification/FiniteQuerySandbox/InfoTheory/Marginal.lean
marginalRightMass	marginalPairSnd	verification/FiniteQuerySandbox/InfoTheory/Marginal.lean
marginalLeftMass_nonneg	marginalPairFst_nonneg	verification/FiniteQuerySandbox/InfoTheory/Marginal.lean
marginalRightMass_nonneg	marginalPairSnd_nonneg	verification/FiniteQuerySandbox/InfoTheory/Marginal.lean
marginalLeftMass_sum_one	marginalPairFst_sum_one	verification/FiniteQuerySandbox/InfoTheory/Marginal.lean
marginalRightMass_sum_one	marginalPairSnd_sum_one	verification/FiniteQuerySandbox/InfoTheory/Marginal.lean
marginalLeftMass_le_one	marginalPairFst_le_one	verification/FiniteQuerySandbox/InfoTheory/Marginal.lean
marginalRightMass_le_one	marginalPairSnd_le_one	verification/FiniteQuerySandbox/InfoTheory/Marginal.lean
pmf_le_marginalLeftMass	pmf_le_marginalPairFst	verification/FiniteQuerySandbox/InfoTheory/Marginal.lean
pmf_le_marginalRightMass	pmf_le_marginalPairSnd	verification/FiniteQuerySandbox/InfoTheory/Marginal.lean
marginalXZMass	marginalTripleFstThd	verification/FiniteQuerySandbox/InfoTheory/Conditional.lean
marginalYZMass	marginalTripleSndThd	verification/FiniteQuerySandbox/InfoTheory/Conditional.lean
marginalZMass	marginalTripleThd	verification/FiniteQuerySandbox/InfoTheory/Conditional.lean
marginalXZMass_nonneg	marginalTripleFstThd_nonneg	verification/FiniteQuerySandbox/InfoTheory/Conditional.lean
marginalYZMass_nonneg	marginalTripleSndThd_nonneg	verification/FiniteQuerySandbox/InfoTheory/Conditional.lean
marginalZMass_nonneg	marginalTripleThd_nonneg	verification/FiniteQuerySandbox/InfoTheory/Conditional.lean
marginalXZMass_sum_z	marginalTripleFstThd_sum_thd	verification/FiniteQuerySandbox/InfoTheory/Conditional.lean
marginalYZMass_sum_z	marginalTripleSndThd_sum_thd	verification/FiniteQuerySandbox/InfoTheory/Conditional.lean
marginalZMass_sum_one	marginalTripleThd_sum_one	verification/FiniteQuerySandbox/InfoTheory/Conditional.lean
pmf_le_marginalXZMass	pmf_le_marginalTripleFstThd	verification/FiniteQuerySandbox/InfoTheory/Conditional.lean
pmf_le_marginalYZMass	pmf_le_marginalTripleSndThd	verification/FiniteQuerySandbox/InfoTheory/Conditional.lean
marginalXZMass_le_marginalZMass	marginalTripleFstThd_le_marginalTripleThd	verification/FiniteQuerySandbox/InfoTheory/Conditional.lean
marginalYZMass_le_marginalZMass	marginalTripleSndThd_le_marginalTripleThd	verification/FiniteQuerySandbox/InfoTheory/Conditional.lean
