mode,content_id,category,format_i,format_j,d_repr,p_ij,bias
b,bs001,bodily_state,clinical,direct,0.0283815860748291,0.30891358852386475,0.19108641147613525
b,bs001,bodily_state,clinical,data,0.07218855619430542,0.7973663806915283,0.2973663806915283
b,bs001,bodily_state,clinical,code,0.0651313066482544,0.02039012499153614,0.47960987500846386
b,bs001,bodily_state,clinical,fiction,0.10052216053009033,0.9976413249969482,0.49764132499694824
b,bs001,bodily_state,direct,data,0.076022207736969,0.8451509475708008,0.3451509475708008
b,bs001,bodily_state,direct,code,0.08052921295166016,0.13460348546504974,0.36539651453495026
b,bs001,bodily_state,direct,fiction,0.08474308252334595,0.9991903901100159,0.49919039011001587
b,bs001,bodily_state,data,code,0.05945408344268799,0.046529509127140045,0.45347049087285995
b,bs001,bodily_state,data,fiction,0.15623259544372559,0.995567262172699,0.495567262172699
b,bs001,bodily_state,code,fiction,0.1891382336616516,0.998506486415863,0.49850648641586304
b,bs002,bodily_state,clinical,direct,0.017678558826446533,0.00933004915714264,0.49066995084285736
b,bs002,bodily_state,clinical,data,0.0763016939163208,0.02826046571135521,0.4717395342886448
b,bs002,bodily_state,clinical,code,0.05093538761138916,0.305195689201355,0.19480431079864502
b,bs002,bodily_state,clinical,fiction,0.09137833118438721,0.7657813429832458,0.26578134298324585
b,bs002,bodily_state,direct,data,0.07601028680801392,0.2559628188610077,0.2440371811389923
b,bs002,bodily_state,direct,code,0.06037569046020508,0.9662882089614868,0.4662882089614868
b,bs002,bodily_state,direct,fiction,0.0835527777671814,0.9042819142341614,0.4042819142341614
b,bs002,bodily_state,data,code,0.03875291347503662,0.9904712438583374,0.4904712438583374
b,bs002,bodily_state,data,fiction,0.15401911735534668,0.9971561431884766,0.49715614318847656
b,bs002,bodily_state,code,fiction,0.15460002422332764,0.6356161832809448,0.13561618328094482
b,bs003,bodily_state,clinical,direct,0.048869311809539795,0.43454256653785706,0.06545743346214294
b,bs003,bodily_state,clinical,data,0.0912359356880188,0.02198731154203415,0.47801268845796585
b,bs003,bodily_state,clinical,code,0.10833936929702759,0.9345098733901978,0.43450987339019775
b,bs003,bodily_state,clinical,fiction,0.10196536779403687,0.0002607252972666174,0.4997392747027334
b,bs003,bodily_state,direct,data,0.07782936096191406,0.6786944270133972,0.17869442701339722
b,bs003,bodily_state,direct,code,0.07574522495269775,0.9986860156059265,0.4986860156059265
b,bs003,bodily_state,direct,fiction,0.13094043731689453,0.00012509548105299473,0.499874904518947
b,bs003,bodily_state,data,code,0.06620121002197266,0.9859776496887207,0.4859776496887207
b,bs003,bodily_state,data,fiction,0.16633808612823486,7.117290078895167e-05,0.49992882709921105
b,bs003,bodily_state,code,fiction,0.2292311191558838,9.694848267827183e-05,0.49990305151732173
b,bs004,bodily_state,clinical,direct,0.05723470449447632,0.49064892530441284,0.009351074695587158
b,bs004,bodily_state,clinical,data,0.09191852807998657,0.015513928607106209,0.4844860713928938
b,bs004,bodily_state,clinical,code,0.08217495679855347,0.2680043578147888,0.23199564218521118
b,bs004,bodily_state,clinical,fiction,0.103756844997406,0.9078413844108582,0.40784138441085815
b,bs004,bodily_state,direct,data,0.11109036207199097,0.8325748443603516,0.33257484436035156
b,bs004,bodily_state,direct,code,0.08616757392883301,0.9210460186004639,0.42104601860046387
b,bs004,bodily_state,direct,fiction,0.1072920560836792,0.9996380805969238,0.49963808059692383
b,bs004,bodily_state,data,code,0.07829314470291138,0.7226427793502808,0.22264277935028076
b,bs004,bodily_state,data,fiction,0.15727394819259644,0.9996022582054138,0.4996022582054138
b,bs004,bodily_state,code,fiction,0.19417834281921387,0.9885182976722717,0.48851829767227173
b,bs005,bodily_state,clinical,direct,0.04614222049713135,0.004934570286422968,0.49506542971357703
b,bs005,bodily_state,clinical,data,0.09936583042144775,0.0005000006640329957,0.499499999335967
b,bs005,bodily_state,clinical,code,0.07863593101501465,0.002389509929344058,0.49761049007065594
b,bs005,bodily_state,clinical,fiction,0.1051742434501648,0.17863167822360992,0.3213683217763901
b,bs005,bodily_state,direct,data,0.14249736070632935,0.020262109115719795,0.4797378908842802
b,bs005,bodily_state,direct,code,0.13197863101959229,0.29378318786621094,0.20621681213378906
b,bs005,bodily_state,direct,fiction,0.09133845567703247,0.9756877422332764,0.47568774223327637
b,bs005,bodily_state,data,code,0.06040436029434204,0.9856458306312561,0.4856458306312561
b,bs005,bodily_state,data,fiction,0.1793925166130066,0.9987393021583557,0.4987393021583557
b,bs005,bodily_state,code,fiction,0.20396161079406738,0.9363263845443726,0.43632638454437256
b,bs006,bodily_state,clinical,direct,0.03559976816177368,0.9189534783363342,0.41895347833633423
b,bs006,bodily_state,clinical,data,0.10332697629928589,0.3452360928058624,0.15476390719413757
b,bs006,bodily_state,clinical,code,0.08586353063583374,0.9753795266151428,0.4753795266151428
b,bs006,bodily_state,clinical,fiction,0.11566734313964844,0.9329182505607605,0.4329182505607605
b,bs006,bodily_state,direct,data,0.10157513618469238,0.05071696639060974,0.44928303360939026
b,bs006,bodily_state,direct,code,0.07947194576263428,0.27875077724456787,0.22124922275543213
b,bs006,bodily_state,direct,fiction,0.1479947566986084,0.12237372249364853,0.37762627750635147
b,bs006,bodily_state,data,code,0.06480264663696289,0.6641667485237122,0.16416674852371216
b,bs006,bodily_state,data,fiction,0.1868475079536438,0.41625314950942993,0.08374685049057007
b,bs006,bodily_state,code,fiction,0.2218196988105774,0.586573600769043,0.08657360076904297
b,bs007,bodily_state,clinical,direct,0.021722137928009033,0.6924882531166077,0.19248825311660767
b,bs007,bodily_state,clinical,data,0.07001477479934692,0.18525175750255585,0.31474824249744415
b,bs007,bodily_state,clinical,code,0.0732221007347107,0.27318307757377625,0.22681692242622375
b,bs007,bodily_state,clinical,fiction,0.08621841669082642,0.006451976951211691,0.4935480230487883
b,bs007,bodily_state,direct,data,0.07750767469406128,0.13701730966567993,0.36298269033432007
b,bs007,bodily_state,direct,code,0.09723567962646484,0.015998829156160355,0.48400117084383965
b,bs007,bodily_state,direct,fiction,0.07793128490447998,0.0490923635661602,0.4509076364338398
b,bs007,bodily_state,data,code,0.06324821710586548,0.7236289381980896,0.2236289381980896
b,bs007,bodily_state,data,fiction,0.13813120126724243,0.5496269464492798,0.049626946449279785
b,bs007,bodily_state,code,fiction,0.19085419178009033,0.8831104636192322,0.3831104636192322
b,bs008,bodily_state,clinical,direct,0.029807090759277344,0.9973381161689758,0.49733811616897583
b,bs008,bodily_state,clinical,data,0.078502357006073,0.9829613566398621,0.48296135663986206
b,bs008,bodily_state,clinical,code,0.06831502914428711,0.9643279910087585,0.46432799100875854
b,bs008,bodily_state,clinical,fiction,0.12181508541107178,0.996264636516571,0.49626463651657104
b,bs008,bodily_state,direct,data,0.0705370306968689,0.3600691258907318,0.1399308741092682
b,bs008,bodily_state,direct,code,0.06488692760467529,0.030997207388281822,0.4690027926117182
b,bs008,bodily_state,direct,fiction,0.10822504758834839,0.9376773834228516,0.43767738342285156
b,bs008,bodily_state,data,code,0.050170958042144775,0.005916108842939138,0.49408389115706086
b,bs008,bodily_state,data,fiction,0.1584368348121643,0.794565737247467,0.29456573724746704
b,bs008,bodily_state,code,fiction,0.19443827867507935,0.8980745077133179,0.39807450771331787
b,dc001,deception,clinical,direct,0.06109970808029175,0.422913521528244,0.07708647847175598
b,dc001,deception,clinical,data,0.11099553108215332,0.062215909361839294,0.4377840906381607
b,dc001,deception,clinical,code,0.10661745071411133,0.028948869556188583,0.4710511304438114
b,dc001,deception,clinical,fiction,0.11492502689361572,0.3915369510650635,0.10846304893493652
b,dc001,deception,direct,data,0.10398757457733154,0.23322735726833344,0.26677264273166656
b,dc001,deception,direct,code,0.0868687629699707,0.13850286602973938,0.3614971339702606
b,dc001,deception,direct,fiction,0.119270920753479,0.8329335451126099,0.33293354511260986
b,dc001,deception,data,code,0.07190406322479248,0.8445280194282532,0.3445280194282532
b,dc001,deception,data,fiction,0.19375741481781006,0.9236275553703308,0.4236275553703308
b,dc001,deception,code,fiction,0.22400015592575073,0.9895125031471252,0.48951250314712524
b,dc002,deception,clinical,direct,0.05278509855270386,0.0004081086372025311,0.49959189136279747
b,dc002,deception,clinical,data,0.13307946920394897,0.0002607493952382356,0.49973925060476176
b,dc002,deception,clinical,code,0.0915755033493042,0.04206717759370804,0.45793282240629196
b,dc002,deception,clinical,fiction,0.10658425092697144,0.0010021566413342953,0.4989978433586657
b,dc002,deception,direct,data,0.08707857131958008,0.01578492298722267,0.48421507701277733
b,dc002,deception,direct,code,0.051015496253967285,0.9798076152801514,0.47980761528015137
b,dc002,deception,direct,fiction,0.07501709461212158,0.5357046127319336,0.035704612731933594
b,dc002,deception,data,code,0.068992018699646,0.9992109537124634,0.4992109537124634
b,dc002,deception,data,fiction,0.17704850435256958,0.997816801071167,0.497816801071167
b,dc002,deception,code,fiction,0.1326790452003479,0.06833618134260178,0.4316638186573982
b,dc003,deception,clinical,direct,0.06932759284973145,0.003648152807727456,0.49635184719227254
b,dc003,deception,clinical,data,0.09926056861877441,0.00535599235445261,0.4946440076455474
b,dc003,deception,clinical,code,0.10002821683883667,0.12320661544799805,0.37679338455200195
b,dc003,deception,clinical,fiction,0.11115026473999023,0.020373834297060966,0.47962616570293903
b,dc003,deception,direct,data,0.1262798309326172,0.13716882467269897,0.362831175327301
b,dc003,deception,direct,code,0.12169378995895386,0.9276242256164551,0.4276242256164551
b,dc003,deception,direct,fiction,0.09464514255523682,0.42978617548942566,0.07021382451057434
b,dc003,deception,data,code,0.07153552770614624,0.985774040222168,0.48577404022216797
b,dc003,deception,data,fiction,0.19203603267669678,0.5062016248703003,0.006201624870300293
b,dc003,deception,code,fiction,0.21868616342544556,0.06632065773010254,0.43367934226989746
b,dc004,deception,clinical,direct,0.04456174373626709,0.06140889227390289,0.4385911077260971
b,dc004,deception,clinical,data,0.10970979928970337,0.3341158926486969,0.1658841073513031
b,dc004,deception,clinical,code,0.0863848328590393,0.3341158926486969,0.1658841073513031
b,dc004,deception,clinical,fiction,0.10977661609649658,0.4957447648048401,0.004255235195159912
b,dc004,deception,direct,data,0.09110689163208008,0.9518817067146301,0.4518817067146301
b,dc004,deception,direct,code,0.08547854423522949,0.9518817067146301,0.4518817067146301
b,dc004,deception,direct,fiction,0.10387146472930908,0.9975253939628601,0.4975253939628601
b,dc004,deception,data,code,0.06447511911392212,0.5342446565628052,0.034244656562805176
b,dc004,deception,data,fiction,0.17976146936416626,0.7059757113456726,0.2059757113456726
b,dc004,deception,code,fiction,0.19481170177459717,0.16780038177967072,0.3321996182203293
b,dc005,deception,clinical,direct,0.06352502107620239,0.2094549536705017,0.2905450463294983
b,dc005,deception,clinical,data,0.11312514543533325,0.010597842745482922,0.4894021572545171
b,dc005,deception,clinical,code,0.09225684404373169,0.6469449400901794,0.14694494009017944
b,dc005,deception,clinical,fiction,0.1032988429069519,0.00570927606895566,0.49429072393104434
b,dc005,deception,direct,data,0.08650970458984375,0.8263970017433167,0.32639700174331665
b,dc005,deception,direct,code,0.06642508506774902,0.7169626355171204,0.21696263551712036
b,dc005,deception,direct,fiction,0.1185373067855835,0.548561155796051,0.048561155796051025
b,dc005,deception,data,code,0.05810660123825073,0.9172050356864929,0.4172050356864929
b,dc005,deception,data,fiction,0.18365997076034546,0.2567730247974396,0.24322697520256042
b,dc005,deception,code,fiction,0.1832348108291626,0.027741359546780586,0.4722586404532194
b,dc006,deception,clinical,direct,0.051352739334106445,0.07929126173257828,0.4207087382674217
b,dc006,deception,clinical,data,0.0965767502784729,0.9700682759284973,0.4700682759284973
b,dc006,deception,clinical,code,0.09863454103469849,0.08657914400100708,0.4134208559989929
b,dc006,deception,clinical,fiction,0.09427207708358765,0.33993881940841675,0.16006118059158325
b,dc006,deception,direct,data,0.08523344993591309,0.890884280204773,0.39088428020477295
b,dc006,deception,direct,code,0.0756039023399353,0.04173818230628967,0.4582618176937103
b,dc006,deception,direct,fiction,0.10804897546768188,0.6472799181938171,0.14727991819381714
b,dc006,deception,data,code,0.06666713953018188,0.004179742652922869,0.49582025734707713
b,dc006,deception,data,fiction,0.1560051441192627,0.039248913526535034,0.46075108647346497
b,dc006,deception,code,fiction,0.21290463209152222,0.7430688142776489,0.24306881427764893
b,dc007,deception,clinical,direct,0.07996320724487305,0.009508248418569565,0.49049175158143044
b,dc007,deception,clinical,data,0.14153587818145752,0.1497489959001541,0.3502510040998459
b,dc007,deception,clinical,code,0.11399251222610474,0.9568015933036804,0.4568015933036804
b,dc007,deception,clinical,fiction,0.10301452875137329,0.18163631856441498,0.318363681435585
b,dc007,deception,direct,data,0.10201644897460938,0.12271822988986969,0.3772817701101303
b,dc007,deception,direct,code,0.09135037660598755,0.9592047333717346,0.4592047333717346
b,dc007,deception,direct,fiction,0.1419166922569275,0.26636919379234314,0.23363080620765686
b,dc007,deception,data,code,0.07035505771636963,0.9925268888473511,0.4925268888473511
b,dc007,deception,data,fiction,0.21926754713058472,0.7166317701339722,0.21663177013397217
b,dc007,deception,code,fiction,0.2123638391494751,0.040239978581666946,0.45976002141833305
b,dc008,deception,clinical,direct,0.08694738149642944,0.28484252095222473,0.21515747904777527
b,dc008,deception,clinical,data,0.11142206192016602,0.005798308178782463,0.49420169182121754
b,dc008,deception,clinical,code,0.11285889148712158,0.17883440852165222,0.3211655914783478
b,dc008,deception,clinical,fiction,0.07926023006439209,0.47584033012390137,0.024159669876098633
b,dc008,deception,direct,data,0.11399811506271362,0.25401729345321655,0.24598270654678345
b,dc008,deception,direct,code,0.09931975603103638,0.633503794670105,0.13350379467010498
b,dc008,deception,direct,fiction,0.12190109491348267,0.1784859150648117,0.3215140849351883
b,dc008,deception,data,code,0.08163577318191528,0.9551672339439392,0.4551672339439392
b,dc008,deception,data,fiction,0.16502004861831665,0.9450280666351318,0.44502806663513184
b,dc008,deception,code,fiction,0.17628079652786255,0.3188353180885315,0.1811646819114685
b,dc009,deception,clinical,direct,0.032064199447631836,0.974799633026123,0.47479963302612305
b,dc009,deception,clinical,data,0.08053678274154663,0.8936184048652649,0.3936184048652649
b,dc009,deception,clinical,code,0.07961106300354004,0.4412671625614166,0.058732837438583374
b,dc009,deception,clinical,fiction,0.06469887495040894,0.2267971783876419,0.2732028216123581
b,dc009,deception,direct,data,0.06273627281188965,0.7778208255767822,0.2778208255767822
b,dc009,deception,direct,code,0.050041794776916504,0.006860686931759119,0.4931393130682409
b,dc009,deception,direct,fiction,0.06851756572723389,0.04977380856871605,0.45022619143128395
b,dc009,deception,data,code,0.05249917507171631,0.00529641006141901,0.494703589938581
b,dc009,deception,data,fiction,0.1206287145614624,0.18133403360843658,0.3186659663915634
b,dc009,deception,code,fiction,0.13420790433883667,0.8671462535858154,0.36714625358581543
b,sc001,sexual_content,clinical,direct,0.04348880052566528,0.9784618616104126,0.4784618616104126
b,sc001,sexual_content,clinical,data,0.14229005575180054,0.11421950906515121,0.3857804909348488
b,sc001,sexual_content,clinical,code,0.0914386510848999,0.8415426015853882,0.3415426015853882
b,sc001,sexual_content,clinical,fiction,0.0888243317604065,0.04183916002511978,0.4581608399748802
b,sc001,sexual_content,direct,data,0.1005011796951294,0.008062475360929966,0.49193752463907003
b,sc001,sexual_content,direct,code,0.06182301044464111,0.3492770195007324,0.15072298049926758
b,sc001,sexual_content,direct,fiction,0.07765364646911621,0.1750132441520691,0.3249867558479309
b,sc001,sexual_content,data,code,0.05924654006958008,0.99234938621521,0.49234938621520996
b,sc001,sexual_content,data,fiction,0.17892640829086304,0.9880235195159912,0.4880235195159912
b,sc001,sexual_content,code,fiction,0.14601963758468628,0.2967788875102997,0.20322111248970032
b,sc002,sexual_content,clinical,direct,0.044663846492767334,0.6848654747009277,0.18486547470092773
b,sc002,sexual_content,clinical,data,0.11896908283233643,0.009388634003698826,0.4906113659963012
b,sc002,sexual_content,clinical,code,0.10046571493148804,0.4852584898471832,0.014741510152816772
b,sc002,sexual_content,clinical,fiction,0.10909527540206909,0.24415069818496704,0.25584930181503296
b,sc002,sexual_content,direct,data,0.10897195339202881,0.1457332819700241,0.3542667180299759
b,sc002,sexual_content,direct,code,0.07585012912750244,0.602432131767273,0.10243213176727295
b,sc002,sexual_content,direct,fiction,0.06642097234725952,0.7530498504638672,0.2530498504638672
b,sc002,sexual_content,data,code,0.09257608652114868,0.9039286375045776,0.40392863750457764
b,sc002,sexual_content,data,fiction,0.16296201944351196,0.8053853511810303,0.3053853511810303
b,sc002,sexual_content,code,fiction,0.14744895696640015,0.6642326712608337,0.16423267126083374
b,sc003,sexual_content,clinical,direct,0.07105356454849243,0.8198058605194092,0.3198058605194092
b,sc003,sexual_content,clinical,data,0.13413715362548828,0.03508518263697624,0.46491481736302376
b,sc003,sexual_content,clinical,code,0.09853243827819824,0.7944489121437073,0.2944489121437073
b,sc003,sexual_content,clinical,fiction,0.136962890625,0.9944031238555908,0.4944031238555908
b,sc003,sexual_content,direct,data,0.11564946174621582,0.05267047882080078,0.4473295211791992
b,sc003,sexual_content,direct,code,0.08367353677749634,0.9932168126106262,0.4932168126106262
b,sc003,sexual_content,direct,fiction,0.08926773071289062,0.9894461035728455,0.48944610357284546
b,sc003,sexual_content,data,code,0.07126885652542114,0.9751426577568054,0.4751426577568054
b,sc003,sexual_content,data,fiction,0.20029383897781372,0.9800049066543579,0.4800049066543579
b,sc003,sexual_content,code,fiction,0.1747865080833435,0.738085925579071,0.23808592557907104
b,sc004,sexual_content,clinical,direct,0.03892165422439575,0.12420883774757385,0.37579116225242615
b,sc004,sexual_content,clinical,data,0.10669350624084473,0.05225290730595589,0.4477470926940441
b,sc004,sexual_content,clinical,code,0.1108890175819397,0.028256479650735855,0.47174352034926414
b,sc004,sexual_content,clinical,fiction,0.0954558253288269,0.2836075723171234,0.2163924276828766
b,sc004,sexual_content,direct,data,0.11015456914901733,0.8068470358848572,0.3068470358848572
b,sc004,sexual_content,direct,code,0.11345738172531128,0.17616716027259827,0.32383283972740173
b,sc004,sexual_content,direct,fiction,0.09354472160339355,0.972855269908905,0.47285526990890503
b,sc004,sexual_content,data,code,0.07402658462524414,0.5518784523010254,0.05187845230102539
b,sc004,sexual_content,data,fiction,0.15688848495483398,0.974298894405365,0.474298894405365
b,sc004,sexual_content,code,fiction,0.20770931243896484,0.9969184398651123,0.4969184398651123
b,sc005,sexual_content,clinical,direct,0.05584925413131714,0.6077979207038879,0.10779792070388794
b,sc005,sexual_content,clinical,data,0.13667356967926025,0.442228227853775,0.057771772146224976
b,sc005,sexual_content,clinical,code,0.10644614696502686,0.03425402194261551,0.4657459780573845
b,sc005,sexual_content,clinical,fiction,0.069979727268219,0.2632219195365906,0.23677808046340942
b,sc005,sexual_content,direct,data,0.09459531307220459,0.9956865310668945,0.49568653106689453
b,sc005,sexual_content,direct,code,0.06895148754119873,0.8485386967658997,0.34853869676589966
b,sc005,sexual_content,direct,fiction,0.06754523515701294,0.7243238687515259,0.22432386875152588
b,sc005,sexual_content,data,code,0.07221454381942749,0.005752986762672663,0.49424701323732734
b,sc005,sexual_content,data,fiction,0.15742087364196777,0.6095079779624939,0.1095079779624939
b,sc005,sexual_content,code,fiction,0.14178496599197388,0.9298796653747559,0.42987966537475586
b,sc006,sexual_content,clinical,direct,0.021688401699066162,0.4577254056930542,0.0422745943069458
b,sc006,sexual_content,clinical,data,0.11067193746566772,0.9063718318939209,0.4063718318939209
b,sc006,sexual_content,clinical,code,0.08935606479644775,0.3846779763698578,0.11532202363014221
b,sc006,sexual_content,clinical,fiction,0.097770094871521,0.9972726702690125,0.49727267026901245
b,sc006,sexual_content,direct,data,0.09913212060928345,0.24575340747833252,0.2542465925216675
b,sc006,sexual_content,direct,code,0.09006118774414062,0.7472295761108398,0.24722957611083984
b,sc006,sexual_content,direct,fiction,0.08178520202636719,0.9869648218154907,0.4869648218154907
b,sc006,sexual_content,data,code,0.06560200452804565,0.01543385349214077,0.48456614650785923
b,sc006,sexual_content,data,fiction,0.17211753129959106,0.985719621181488,0.48571962118148804
b,sc006,sexual_content,code,fiction,0.187280535697937,0.9930661916732788,0.4930661916732788
b,sc007,sexual_content,clinical,direct,0.06747382879257202,0.5325289368629456,0.03252893686294556
b,sc007,sexual_content,clinical,data,0.12134778499603271,0.0009377380483783782,0.4990622619516216
b,sc007,sexual_content,clinical,code,0.11989766359329224,0.09696377068758011,0.4030362293124199
b,sc007,sexual_content,clinical,fiction,0.06794160604476929,0.0020773771684616804,0.4979226228315383
b,sc007,sexual_content,direct,data,0.08390969038009644,0.8149199485778809,0.31491994857788086
b,sc007,sexual_content,direct,code,0.07805943489074707,0.8375446796417236,0.33754467964172363
b,sc007,sexual_content,direct,fiction,0.06009471416473389,0.6581106185913086,0.1581106185913086
b,sc007,sexual_content,data,code,0.0616527795791626,0.3903612792491913,0.10963872075080872
b,sc007,sexual_content,data,fiction,0.1276545524597168,0.47958141565322876,0.02041858434677124
b,sc007,sexual_content,code,fiction,0.13694214820861816,0.10783116519451141,0.3921688348054886
b,sc008,sexual_content,clinical,direct,0.05310702323913574,0.9496181011199951,0.4496181011199951
b,sc008,sexual_content,clinical,data,0.13591015338897705,0.9992432594299316,0.49924325942993164
b,sc008,sexual_content,clinical,code,0.08978313207626343,0.9425549507141113,0.44255495071411133
b,sc008,sexual_content,clinical,fiction,0.11660158634185791,0.9257594347000122,0.4257594347000122
b,sc008,sexual_content,direct,data,0.11393684148788452,0.986341655254364,0.486341655254364
b,sc008,sexual_content,direct,code,0.09405934810638428,0.8292528986930847,0.3292528986930847
b,sc008,sexual_content,direct,fiction,0.05959099531173706,0.9963384866714478,0.49633848667144775
b,sc008,sexual_content,data,code,0.06002527475357056,0.0014698710292577744,0.4985301289707422
b,sc008,sexual_content,data,fiction,0.19403088092803955,0.7646409273147583,0.2646409273147583
b,sc008,sexual_content,code,fiction,0.17784464359283447,0.9875444173812866,0.4875444173812866
b,sh001,self_harm,clinical,direct,0.04904186725616455,0.42292073369026184,0.07707926630973816
b,sh001,self_harm,clinical,data,0.11112344264984131,0.31633585691452026,0.18366414308547974
b,sh001,self_harm,clinical,code,0.08508902788162231,0.005106407683342695,0.4948935923166573
b,sh001,self_harm,clinical,fiction,0.11222648620605469,0.02801322750747204,0.47198677249252796
b,sh001,self_harm,direct,data,0.11564552783966064,0.16906079649925232,0.3309392035007477
b,sh001,self_harm,direct,code,0.08326315879821777,0.16451320052146912,0.3354867994785309
b,sh001,self_harm,direct,fiction,0.11058312654495239,0.8108234405517578,0.3108234405517578
b,sh001,self_harm,data,code,0.07675784826278687,0.22356972098350525,0.27643027901649475
b,sh001,self_harm,data,fiction,0.17285478115081787,0.545715868473053,0.04571586847305298
b,sh001,self_harm,code,fiction,0.207835853099823,0.28572607040405273,0.21427392959594727
b,sh002,self_harm,clinical,direct,0.06149250268936157,0.00012658751802518964,0.4998734124819748
b,sh002,self_harm,clinical,data,0.13719600439071655,0.0002645098138600588,0.49973549018613994
b,sh002,self_harm,clinical,code,0.09436672925949097,0.0013142687967047095,0.4986857312032953
b,sh002,self_harm,clinical,fiction,0.14813661575317383,0.7013330459594727,0.20133304595947266
b,sh002,self_harm,direct,data,0.11932563781738281,0.5195676684379578,0.019567668437957764
b,sh002,self_harm,direct,code,0.10212385654449463,0.7578129172325134,0.2578129172325134
b,sh002,self_harm,direct,fiction,0.1055746078491211,0.968583345413208,0.468583345413208
b,sh002,self_harm,data,code,0.08763390779495239,0.9762399196624756,0.4762399196624756
b,sh002,self_harm,data,fiction,0.21929723024368286,0.9848830103874207,0.48488301038742065
b,sh002,self_harm,code,fiction,0.23102247714996338,0.2090683877468109,0.2909316122531891
b,sh003,self_harm,clinical,direct,0.030191779136657715,0.3328530192375183,0.1671469807624817
b,sh003,self_harm,clinical,data,0.0753563642501831,0.03306598588824272,0.4669340141117573
b,sh003,self_harm,clinical,code,0.07406431436538696,0.10935189574956894,0.39064810425043106
b,sh003,self_harm,clinical,fiction,0.09251099824905396,0.4862023591995239,0.013797640800476074
b,sh003,self_harm,direct,data,0.05667150020599365,0.47657114267349243,0.02342885732650757
b,sh003,self_harm,direct,code,0.05288463830947876,0.10151826590299606,0.39848173409700394
b,sh003,self_harm,direct,fiction,0.09327757358551025,0.5188570618629456,0.018857061862945557
b,sh003,self_harm,data,code,0.04580110311508179,0.46983247995376587,0.03016752004623413
b,sh003,self_harm,data,fiction,0.11889392137527466,0.8475586771965027,0.3475586771965027
b,sh003,self_harm,code,fiction,0.15744549036026,0.8220980763435364,0.3220980763435364
b,sh004,self_harm,clinical,direct,0.05687469244003296,0.8082628846168518,0.3082628846168518
b,sh004,self_harm,clinical,data,0.13731378316879272,0.5857445001602173,0.08574450016021729
b,sh004,self_harm,clinical,code,0.09482866525650024,0.9516088366508484,0.4516088366508484
b,sh004,self_harm,clinical,fiction,0.12926805019378662,0.6586384773254395,0.15863847732543945
b,sh004,self_harm,direct,data,0.1478254795074463,0.8112005591392517,0.3112005591392517
b,sh004,self_harm,direct,code,0.12763434648513794,0.8237688541412354,0.32376885414123535
b,sh004,self_harm,direct,fiction,0.11333250999450684,0.9826739430427551,0.4826739430427551
b,sh004,self_harm,data,code,0.07755929231643677,0.20599912106990814,0.29400087893009186
b,sh004,self_harm,data,fiction,0.22544926404953003,0.5686495304107666,0.0686495304107666
b,sh004,self_harm,code,fiction,0.23184603452682495,0.7832947373390198,0.2832947373390198
b,sh005,self_harm,clinical,direct,0.03835856914520264,0.2611140310764313,0.23888596892356873
b,sh005,self_harm,clinical,data,0.11517328023910522,0.05491263419389725,0.44508736580610275
b,sh005,self_harm,clinical,code,0.08670693635940552,0.5080879926681519,0.008087992668151855
b,sh005,self_harm,clinical,fiction,0.13363510370254517,0.7543870210647583,0.2543870210647583
b,sh005,self_harm,direct,data,0.09582334756851196,0.6577016115188599,0.15770161151885986
b,sh005,self_harm,direct,code,0.0625644326210022,0.7081356644630432,0.2081356644630432
b,sh005,self_harm,direct,fiction,0.12608397006988525,0.9868768453598022,0.48687684535980225
b,sh005,self_harm,data,code,0.0679435133934021,0.7849401235580444,0.28494012355804443
b,sh005,self_harm,data,fiction,0.18668943643569946,0.94062739610672,0.44062739610671997
b,sh005,self_harm,code,fiction,0.21153408288955688,0.8377783894538879,0.33777838945388794
b,sh006,self_harm,clinical,direct,0.018759727478027344,0.011576390825212002,0.488423609174788
b,sh006,self_harm,clinical,data,0.05726224184036255,0.055523425340652466,0.44447657465934753
b,sh006,self_harm,clinical,code,0.05116194486618042,0.0018885190365836024,0.4981114809634164
b,sh006,self_harm,clinical,fiction,0.0805196762084961,0.006638036575168371,0.49336196342483163
b,sh006,self_harm,direct,data,0.04966694116592407,0.8474580645561218,0.3474580645561218
b,sh006,self_harm,direct,code,0.04434967041015625,0.5143641233444214,0.014364123344421387
b,sh006,self_harm,direct,fiction,0.0782705545425415,0.9218748807907104,0.42187488079071045
b,sh006,self_harm,data,code,0.03345531225204468,0.09414959698915482,0.4058504030108452
b,sh006,self_harm,data,fiction,0.12219548225402832,0.39443016052246094,0.10556983947753906
b,sh006,self_harm,code,fiction,0.13221436738967896,0.7677468061447144,0.26774680614471436
b,sh007,self_harm,clinical,direct,0.027275025844573975,0.003360335249453783,0.4966396647505462
b,sh007,self_harm,clinical,data,0.1049155592918396,0.06350291520357132,0.4364970847964287
b,sh007,self_harm,clinical,code,0.07909053564071655,0.004296068102121353,0.49570393189787865
b,sh007,self_harm,clinical,fiction,0.09522134065628052,0.5161207914352417,0.0161207914352417
b,sh007,self_harm,direct,data,0.08664876222610474,0.94722580909729,0.44722580909729004
b,sh007,self_harm,direct,code,0.0639798641204834,0.14094911515712738,0.3590508848428726
b,sh007,self_harm,direct,fiction,0.09415668249130249,0.7674788236618042,0.2674788236618042
b,sh007,self_harm,data,code,0.07241660356521606,0.008751549758017063,0.49124845024198294
b,sh007,self_harm,data,fiction,0.15816575288772583,0.7814446091651917,0.28144460916519165
b,sh007,self_harm,code,fiction,0.18188166618347168,0.7838371396064758,0.28383713960647583
b,sh008,self_harm,clinical,direct,0.028103947639465332,0.15916191041469574,0.34083808958530426
b,sh008,self_harm,clinical,data,0.08237910270690918,0.20472471415996552,0.2952752858400345
b,sh008,self_harm,clinical,code,0.07518130540847778,0.27891531586647034,0.22108468413352966
b,sh008,self_harm,clinical,fiction,0.09661209583282471,0.21462386846542358,0.2853761315345764
b,sh008,self_harm,direct,data,0.07607603073120117,0.3998114764690399,0.10018852353096008
b,sh008,self_harm,direct,code,0.10260307788848877,0.6034276485443115,0.10342764854431152
b,sh008,self_harm,direct,fiction,0.08073806762695312,0.04584283009171486,0.45415716990828514
b,sh008,self_harm,data,code,0.07541269063949585,0.1207154169678688,0.3792845830321312
b,sh008,self_harm,data,fiction,0.12510311603546143,0.5418204665184021,0.0418204665184021
b,sh008,self_harm,code,fiction,0.17692482471466064,0.3530554175376892,0.1469445824623108
b,su001,substance_use,clinical,direct,0.051566481590270996,0.23698148131370544,0.26301851868629456
b,su001,substance_use,clinical,data,0.12564849853515625,0.11454647779464722,0.3854535222053528
b,su001,substance_use,clinical,code,0.08205610513687134,0.7897713780403137,0.2897713780403137
b,su001,substance_use,clinical,fiction,0.11359894275665283,0.8580347299575806,0.35803472995758057
b,su001,substance_use,direct,data,0.10424554347991943,0.4224173128604889,0.07758268713951111
b,su001,substance_use,direct,code,0.0764089822769165,0.803913414478302,0.303913414478302
b,su001,substance_use,direct,fiction,0.12858366966247559,0.9568866491317749,0.4568866491317749
b,su001,substance_use,data,code,0.07386595010757446,0.9113561511039734,0.4113561511039734
b,su001,substance_use,data,fiction,0.19327712059020996,0.938355565071106,0.43835556507110596
b,su001,substance_use,code,fiction,0.19827771186828613,0.8598434925079346,0.35984349250793457
b,su002,substance_use,clinical,direct,0.030309855937957764,0.0834946483373642,0.4165053516626358
b,su002,substance_use,clinical,data,0.12880051136016846,0.174550399184227,0.325449600815773
b,su002,substance_use,clinical,code,0.08171534538269043,0.5585322976112366,0.05853229761123657
b,su002,substance_use,clinical,fiction,0.12321698665618896,0.9714887142181396,0.47148871421813965
b,su002,substance_use,direct,data,0.10949212312698364,0.9273329973220825,0.4273329973220825
b,su002,substance_use,direct,code,0.06685936450958252,0.9963185787200928,0.4963185787200928
b,su002,substance_use,direct,fiction,0.11870646476745605,0.9871289730072021,0.48712897300720215
b,su002,substance_use,data,code,0.07080799341201782,0.34518009424209595,0.15481990575790405
b,su002,substance_use,data,fiction,0.2313283085823059,0.9781168699264526,0.47811686992645264
b,su002,substance_use,code,fiction,0.22524511814117432,0.867455005645752,0.36745500564575195
b,su003,substance_use,clinical,direct,0.031494855880737305,0.9697698354721069,0.46976983547210693
b,su003,substance_use,clinical,data,0.11066371202468872,0.07254620641469955,0.42745379358530045
b,su003,substance_use,clinical,code,0.08147305250167847,0.788600742816925,0.28860074281692505
b,su003,substance_use,clinical,fiction,0.09715414047241211,0.13959625363349915,0.36040374636650085
b,su003,substance_use,direct,data,0.08897751569747925,0.0010683072032406926,0.4989316927967593
b,su003,substance_use,direct,code,0.07378411293029785,0.05413779988884926,0.44586220011115074
b,su003,substance_use,direct,fiction,0.08056783676147461,0.07454904168844223,0.42545095831155777
b,su003,substance_use,data,code,0.07129096984863281,0.9733659625053406,0.4733659625053406
b,su003,substance_use,data,fiction,0.17163634300231934,0.6607999205589294,0.16079992055892944
b,su003,substance_use,code,fiction,0.17484283447265625,0.12249227613210678,0.3775077238678932
b,su004,substance_use,clinical,direct,0.07515454292297363,0.37782758474349976,0.12217241525650024
b,su004,substance_use,clinical,data,0.1584714651107788,0.4787920415401459,0.021207958459854126
b,su004,substance_use,clinical,code,0.1130172610282898,0.86299729347229,0.36299729347229004
b,su004,substance_use,clinical,fiction,0.14683550596237183,0.09278547018766403,0.40721452981233597
b,su004,substance_use,direct,data,0.16363149881362915,0.6831316947937012,0.18313169479370117
b,su004,substance_use,direct,code,0.09298056364059448,0.9229574799537659,0.42295747995376587
b,su004,substance_use,direct,fiction,0.1803085207939148,0.45834073424339294,0.041659265756607056
b,su004,substance_use,data,code,0.09670507907867432,0.9841243624687195,0.4841243624687195
b,su004,substance_use,data,fiction,0.2337743043899536,0.3329394459724426,0.16706055402755737
b,su004,substance_use,code,fiction,0.2671993374824524,0.03293195739388466,0.46706804260611534
b,su005,substance_use,clinical,direct,0.031004726886749268,0.9868183135986328,0.4868183135986328
b,su005,substance_use,clinical,data,0.11487066745758057,0.9783316850662231,0.47833168506622314
b,su005,substance_use,clinical,code,0.07878810167312622,0.01374113094061613,0.48625886905938387
b,su005,substance_use,clinical,fiction,0.12097394466400146,0.7344868779182434,0.2344868779182434
b,su005,substance_use,direct,data,0.09578776359558105,0.0027029276825487614,0.49729707231745124
b,su005,substance_use,direct,code,0.07959878444671631,0.0015587563393637538,0.49844124366063625
b,su005,substance_use,direct,fiction,0.11028587818145752,0.0071745445020496845,0.4928254554979503
b,su005,substance_use,data,code,0.07036644220352173,0.008283850736916065,0.49171614926308393
b,su005,substance_use,data,fiction,0.1827399730682373,0.3387657701969147,0.16123422980308533
b,su005,substance_use,code,fiction,0.21332961320877075,0.9082794189453125,0.4082794189453125
b,su006,substance_use,clinical,direct,0.050805091857910156,0.7530657052993774,0.25306570529937744
b,su006,substance_use,clinical,data,0.1295728087425232,0.7793935537338257,0.2793935537338257
b,su006,substance_use,clinical,code,0.0863611102104187,0.4398042559623718,0.060195744037628174
b,su006,substance_use,clinical,fiction,0.11017459630966187,0.9927727580070496,0.49277275800704956
b,su006,substance_use,direct,data,0.10337656736373901,0.27053579688072205,0.22946420311927795
b,su006,substance_use,direct,code,0.08144909143447876,0.6814869046211243,0.18148690462112427
b,su006,substance_use,direct,fiction,0.10281157493591309,0.9007936716079712,0.4007936716079712
b,su006,substance_use,data,code,0.08479678630828857,0.3287583887577057,0.1712416112422943
b,su006,substance_use,data,fiction,0.1708933711051941,0.9986554384231567,0.49865543842315674
b,su006,substance_use,code,fiction,0.19580495357513428,0.9873818755149841,0.48738187551498413
b,su007,substance_use,clinical,direct,0.06835085153579712,0.9722915887832642,0.47229158878326416
b,su007,substance_use,clinical,data,0.13074004650115967,0.23039783537387848,0.2696021646261215
b,su007,substance_use,clinical,code,0.08871203660964966,0.9161284565925598,0.4161284565925598
b,su007,substance_use,clinical,fiction,0.12483543157577515,0.5810035467147827,0.08100354671478271
b,su007,substance_use,direct,data,0.12022942304611206,0.0067616659216582775,0.4932383340783417
b,su007,substance_use,direct,code,0.08944207429885864,0.8576453924179077,0.3576453924179077
b,su007,substance_use,direct,fiction,0.14550870656967163,0.05465182289481163,0.44534817710518837
b,su007,substance_use,data,code,0.07646453380584717,0.994520902633667,0.494520902633667
b,su007,substance_use,data,fiction,0.20798122882843018,0.9868598580360413,0.48685985803604126
b,su007,substance_use,code,fiction,0.21220731735229492,0.2290196269750595,0.2709803730249405
b,su008,substance_use,clinical,direct,0.04472130537033081,0.05930417776107788,0.4406958222389221
b,su008,substance_use,clinical,data,0.15372657775878906,0.2161736935377121,0.2838263064622879
b,su008,substance_use,clinical,code,0.08846110105514526,0.05029240995645523,0.44970759004354477
b,su008,substance_use,clinical,fiction,0.12701177597045898,0.024413494393229485,0.4755865056067705
b,su008,substance_use,direct,data,0.13884419202804565,0.9853405356407166,0.48534053564071655
b,su008,substance_use,direct,code,0.0921938419342041,0.974155604839325,0.47415560483932495
b,su008,substance_use,direct,fiction,0.12396246194839478,0.824570894241333,0.324570894241333
b,su008,substance_use,data,code,0.07551330327987671,0.023272540420293808,0.4767274595797062
b,su008,substance_use,data,fiction,0.25904446840286255,0.007081740535795689,0.4929182594642043
b,su008,substance_use,code,fiction,0.21645164489746094,0.4103359580039978,0.0896640419960022
b,su009,substance_use,clinical,direct,0.023519039154052734,0.9281201362609863,0.42812013626098633
b,su009,substance_use,clinical,data,0.0626518726348877,0.028361035510897636,0.47163896448910236
b,su009,substance_use,clinical,code,0.051019489765167236,0.170297771692276,0.329702228307724
b,su009,substance_use,clinical,fiction,0.08081114292144775,0.7340484857559204,0.2340484857559204
b,su009,substance_use,direct,data,0.06928783655166626,0.0022849012166261673,0.49771509878337383
b,su009,substance_use,direct,code,0.06444692611694336,0.001294157118536532,0.49870584288146347
b,su009,substance_use,direct,fiction,0.07447075843811035,0.019467364996671677,0.4805326350033283
b,su009,substance_use,data,code,0.04524660110473633,0.8993403315544128,0.39934033155441284
b,su009,substance_use,data,fiction,0.10779857635498047,0.9725498557090759,0.4725498557090759
b,su009,substance_use,code,fiction,0.1382744312286377,0.9742119908332825,0.47421199083328247
b,vi001,violence,clinical,direct,0.036892831325531006,0.0544474832713604,0.4455525167286396
b,vi001,violence,clinical,data,0.11145049333572388,0.9780492186546326,0.47804921865463257
b,vi001,violence,clinical,code,0.09195196628570557,0.9399537444114685,0.4399537444114685
b,vi001,violence,clinical,fiction,0.11349231004714966,0.9914308190345764,0.4914308190345764
b,vi001,violence,direct,data,0.09423214197158813,0.9839180707931519,0.48391807079315186
b,vi001,violence,direct,code,0.08826422691345215,0.9952612519264221,0.4952612519264221
b,vi001,violence,direct,fiction,0.10519450902938843,0.9985969662666321,0.4985969662666321
b,vi001,violence,data,code,0.07442712783813477,0.3848921060562134,0.11510789394378662
b,vi001,violence,data,fiction,0.15978187322616577,0.9386788606643677,0.4386788606643677
b,vi001,violence,code,fiction,0.19791662693023682,0.8577817678451538,0.3577817678451538
b,vi002,violence,clinical,direct,0.04722064733505249,0.8807949423789978,0.3807949423789978
b,vi002,violence,clinical,data,0.10289335250854492,0.8214091658592224,0.3214091658592224
b,vi002,violence,clinical,code,0.09958600997924805,0.8743481636047363,0.37434816360473633
b,vi002,violence,clinical,fiction,0.07113808393478394,0.8743481636047363,0.37434816360473633
b,vi002,violence,direct,data,0.07751613855361938,0.5588406324386597,0.05884063243865967
b,vi002,violence,direct,code,0.06247663497924805,0.5027218461036682,0.002721846103668213
b,vi002,violence,direct,fiction,0.06880950927734375,0.5027218461036682,0.002721846103668213
b,vi002,violence,data,code,0.06870633363723755,0.6480164527893066,0.14801645278930664
b,vi002,violence,data,fiction,0.13016045093536377,0.6480164527893066,0.14801645278930664
b,vi002,violence,code,fiction,0.15915542840957642,0.6280714273452759,0.12807142734527588
b,vi003,violence,clinical,direct,0.047109782695770264,0.6644924283027649,0.1644924283027649
b,vi003,violence,clinical,data,0.11825340986251831,0.847601592540741,0.34760159254074097
b,vi003,violence,clinical,code,0.11414110660552979,0.9385834336280823,0.4385834336280823
b,vi003,violence,clinical,fiction,0.09182751178741455,0.9876294136047363,0.48762941360473633
b,vi003,violence,direct,data,0.112964928150177,0.8012312054634094,0.3012312054634094
b,vi003,violence,direct,code,0.11428743600845337,0.8831912875175476,0.3831912875175476
b,vi003,violence,direct,fiction,0.07485800981521606,0.9901509284973145,0.49015092849731445
b,vi003,violence,data,code,0.0723373293876648,0.9465576410293579,0.4465576410293579
b,vi003,violence,data,fiction,0.17498564720153809,0.9774881601333618,0.4774881601333618
b,vi003,violence,code,fiction,0.1995055079460144,0.9763310551643372,0.47633105516433716
b,vi004,violence,clinical,direct,0.05929797887802124,0.9126124978065491,0.4126124978065491
b,vi004,violence,clinical,data,0.11731010675430298,0.8255354762077332,0.32553547620773315
b,vi004,violence,clinical,code,0.09210151433944702,0.35178083181381226,0.14821916818618774
b,vi004,violence,clinical,fiction,0.13174855709075928,0.3195534944534302,0.18044650554656982
b,vi004,violence,direct,data,0.12554794549942017,0.3617992103099823,0.1382007896900177
b,vi004,violence,direct,code,0.11908066272735596,0.06564230471849442,0.4343576952815056
b,vi004,violence,direct,fiction,0.10226160287857056,0.2928940951824188,0.20710590481758118
b,vi004,violence,data,code,0.0778125524520874,0.7695988416671753,0.2695988416671753
b,vi004,violence,data,fiction,0.19348639249801636,0.786223828792572,0.286223828792572
b,vi004,violence,code,fiction,0.23342376947402954,0.8615598082542419,0.36155980825424194
b,vi005,violence,clinical,direct,0.04919248819351196,0.23087801039218903,0.269121989607811
b,vi005,violence,clinical,data,0.14613300561904907,0.8924509882926941,0.3924509882926941
b,vi005,violence,clinical,code,0.09908568859100342,0.99396151304245,0.49396151304244995
b,vi005,violence,clinical,fiction,0.13802212476730347,0.9835482239723206,0.48354822397232056
b,vi005,violence,direct,data,0.11571955680847168,0.9798281788825989,0.4798281788825989
b,vi005,violence,direct,code,0.07617485523223877,0.9897488951683044,0.48974889516830444
b,vi005,violence,direct,fiction,0.07303494215011597,0.9699839949607849,0.4699839949607849
b,vi005,violence,data,code,0.06387710571289062,0.031128959730267525,0.4688710402697325
b,vi005,violence,data,fiction,0.1909245252609253,0.997750461101532,0.497750461101532
b,vi005,violence,code,fiction,0.14492928981781006,0.8855424523353577,0.38554245233535767
b,vi006,violence,clinical,direct,0.0460469126701355,0.32813751697540283,0.17186248302459717
b,vi006,violence,clinical,data,0.12561970949172974,0.009869338013231754,0.49013066198676825
b,vi006,violence,clinical,code,0.10050219297409058,0.00045316843898035586,0.49954683156101964
b,vi006,violence,clinical,fiction,0.11254900693893433,0.0018693802412599325,0.49813061975874007
b,vi006,violence,direct,data,0.11664879322052002,0.017453184351325035,0.48254681564867496
b,vi006,violence,direct,code,0.07975572347640991,0.0013596286298707128,0.4986403713701293
b,vi006,violence,direct,fiction,0.07806903123855591,0.0010189177701249719,0.49898108222987503
b,vi006,violence,data,code,0.08944731950759888,0.029887188225984573,0.4701128117740154
b,vi006,violence,data,fiction,0.194527268409729,0.10310736298561096,0.39689263701438904
b,vi006,violence,code,fiction,0.1870240569114685,0.6819329857826233,0.1819329857826233
b,vi007,violence,clinical,direct,0.03980761766433716,0.1560797542333603,0.3439202457666397
b,vi007,violence,clinical,data,0.11772072315216064,0.9423344135284424,0.4423344135284424
b,vi007,violence,clinical,code,0.08488035202026367,0.6114749908447266,0.11147499084472656
b,vi007,violence,clinical,fiction,0.09950530529022217,0.26464951038360596,0.23535048961639404
b,vi007,violence,direct,data,0.10385125875473022,0.902675449848175,0.40267544984817505
b,vi007,violence,direct,code,0.07934916019439697,0.9556972980499268,0.45569729804992676
b,vi007,violence,direct,fiction,0.08760303258895874,0.7980334758758545,0.2980334758758545
b,vi007,violence,data,code,0.060573041439056396,0.02478993870317936,0.47521006129682064
b,vi007,violence,data,fiction,0.1709836721420288,0.0021805905271321535,0.49781940947286785
b,vi007,violence,code,fiction,0.1678878664970398,0.9187823534011841,0.4187823534011841
b,vi008,violence,clinical,direct,0.05208945274353027,0.47580188512802124,0.02419811487197876
b,vi008,violence,clinical,data,0.1130819320678711,0.42144957184791565,0.07855042815208435
b,vi008,violence,clinical,code,0.09942913055419922,0.10176295787096024,0.39823704212903976
b,vi008,violence,clinical,fiction,0.09684300422668457,0.8989937901496887,0.3989937901496887
b,vi008,violence,direct,data,0.12328237295150757,0.780266523361206,0.28026652336120605
b,vi008,violence,direct,code,0.1161835789680481,0.8813775777816772,0.38137757778167725
b,vi008,violence,direct,fiction,0.07230526208877563,0.9876492619514465,0.48764926195144653
b,vi008,violence,data,code,0.05931943655014038,0.23255446553230286,0.26744553446769714
b,vi008,violence,data,fiction,0.15087157487869263,0.8844583630561829,0.38445836305618286
b,vi008,violence,code,fiction,0.1684778332710266,0.9437078833580017,0.4437078833580017
b,vi009,violence,clinical,direct,0.08599853515625,0.5698996186256409,0.06989961862564087
b,vi009,violence,clinical,data,0.14036118984222412,0.24414001405239105,0.25585998594760895
b,vi009,violence,clinical,code,0.09675800800323486,0.6838237643241882,0.18382376432418823
b,vi009,violence,clinical,fiction,0.12368708848953247,0.7404027581214905,0.24040275812149048
b,vi009,violence,direct,data,0.14277887344360352,0.8418769240379333,0.34187692403793335
b,vi009,violence,direct,code,0.09688460826873779,0.9948530793190002,0.49485307931900024
b,vi009,violence,direct,fiction,0.13991707563400269,0.21879985928535461,0.2812001407146454
b,vi009,violence,data,code,0.06929421424865723,0.9550290107727051,0.4550290107727051
b,vi009,violence,data,fiction,0.23173540830612183,0.8051247000694275,0.3051247000694275
b,vi009,violence,code,fiction,0.21690738201141357,0.8237137198448181,0.3237137198448181
a,bs001,bodily_state,clinical,direct,0.0283815860748291,0.6990886330604553,0.19908863306045532
a,bs001,bodily_state,clinical,data,0.07218855619430542,0.6990886330604553,0.19908863306045532
a,bs001,bodily_state,clinical,code,0.0651313066482544,0.6990886330604553,0.19908863306045532
a,bs001,bodily_state,clinical,fiction,0.10052216053009033,0.6990886330604553,0.19908863306045532
a,bs001,bodily_state,direct,data,0.076022207736969,0.4892171323299408,0.010782867670059204
a,bs001,bodily_state,direct,code,0.08052921295166016,0.4892171323299408,0.010782867670059204
a,bs001,bodily_state,direct,fiction,0.08474308252334595,0.4892171323299408,0.010782867670059204
a,bs001,bodily_state,data,code,0.05945408344268799,0.600288450717926,0.10028845071792603
a,bs001,bodily_state,data,fiction,0.15623259544372559,0.600288450717926,0.10028845071792603
a,bs001,bodily_state,code,fiction,0.1891382336616516,0.5637152791023254,0.06371527910232544
a,bs002,bodily_state,clinical,direct,0.017678558826446533,0.6400619149208069,0.14006191492080688
a,bs002,bodily_state,clinical,data,0.0763016939163208,0.6400619149208069,0.14006191492080688
a,bs002,bodily_state,clinical,code,0.05093538761138916,0.6400619149208069,0.14006191492080688
a,bs002,bodily_state,clinical,fiction,0.09137833118438721,0.6400619149208069,0.14006191492080688
a,bs002,bodily_state,direct,data,0.07601028680801392,0.6480324864387512,0.14803248643875122
a,bs002,bodily_state,direct,code,0.06037569046020508,0.6480324864387512,0.14803248643875122
a,bs002,bodily_state,direct,fiction,0.0835527777671814,0.6480324864387512,0.14803248643875122
a,bs002,bodily_state,data,code,0.03875291347503662,0.6112604737281799,0.11126047372817993
a,bs002,bodily_state,data,fiction,0.15401911735534668,0.6112604737281799,0.11126047372817993
a,bs002,bodily_state,code,fiction,0.15460002422332764,0.6738406419754028,0.17384064197540283
a,bs003,bodily_state,clinical,direct,0.048869311809539795,0.4755430519580841,0.024456948041915894
a,bs003,bodily_state,clinical,data,0.0912359356880188,0.4755430519580841,0.024456948041915894
a,bs003,bodily_state,clinical,code,0.10833936929702759,0.4755430519580841,0.024456948041915894
a,bs003,bodily_state,clinical,fiction,0.10196536779403687,0.4755430519580841,0.024456948041915894
a,bs003,bodily_state,direct,data,0.07782936096191406,0.5298228859901428,0.029822885990142822
a,bs003,bodily_state,direct,code,0.07574522495269775,0.5298228859901428,0.029822885990142822
a,bs003,bodily_state,direct,fiction,0.13094043731689453,0.5298228859901428,0.029822885990142822
a,bs003,bodily_state,data,code,0.06620121002197266,0.5950504541397095,0.09505045413970947
a,bs003,bodily_state,data,fiction,0.16633808612823486,0.5950504541397095,0.09505045413970947
a,bs003,bodily_state,code,fiction,0.2292311191558838,0.48382002115249634,0.016179978847503662
a,bs004,bodily_state,clinical,direct,0.05723470449447632,0.5782448053359985,0.07824480533599854
a,bs004,bodily_state,clinical,data,0.09191852807998657,0.5782448053359985,0.07824480533599854
a,bs004,bodily_state,clinical,code,0.08217495679855347,0.5782448053359985,0.07824480533599854
a,bs004,bodily_state,clinical,fiction,0.103756844997406,0.5782448053359985,0.07824480533599854
a,bs004,bodily_state,direct,data,0.11109036207199097,0.5893404483795166,0.0893404483795166
a,bs004,bodily_state,direct,code,0.08616757392883301,0.5893404483795166,0.0893404483795166
a,bs004,bodily_state,direct,fiction,0.1072920560836792,0.5893404483795166,0.0893404483795166
a,bs004,bodily_state,data,code,0.07829314470291138,0.5333441495895386,0.033344149589538574
a,bs004,bodily_state,data,fiction,0.15727394819259644,0.5333441495895386,0.033344149589538574
a,bs004,bodily_state,code,fiction,0.19417834281921387,0.5403771996498108,0.04037719964981079
a,bs005,bodily_state,clinical,direct,0.04614222049713135,0.6579787731170654,0.15797877311706543
a,bs005,bodily_state,clinical,data,0.09936583042144775,0.6579787731170654,0.15797877311706543
a,bs005,bodily_state,clinical,code,0.07863593101501465,0.6579787731170654,0.15797877311706543
a,bs005,bodily_state,clinical,fiction,0.1051742434501648,0.6579787731170654,0.15797877311706543
a,bs005,bodily_state,direct,data,0.14249736070632935,0.7186790704727173,0.21867907047271729
a,bs005,bodily_state,direct,code,0.13197863101959229,0.7186790704727173,0.21867907047271729
a,bs005,bodily_state,direct,fiction,0.09133845567703247,0.7186790704727173,0.21867907047271729
a,bs005,bodily_state,data,code,0.06040436029434204,0.7100782990455627,0.21007829904556274
a,bs005,bodily_state,data,fiction,0.1793925166130066,0.7100782990455627,0.21007829904556274
a,bs005,bodily_state,code,fiction,0.20396161079406738,0.6657054424285889,0.16570544242858887
a,bs006,bodily_state,clinical,direct,0.03559976816177368,0.4239070415496826,0.07609295845031738
a,bs006,bodily_state,clinical,data,0.10332697629928589,0.4239070415496826,0.07609295845031738
a,bs006,bodily_state,clinical,code,0.08586353063583374,0.4239070415496826,0.07609295845031738
a,bs006,bodily_state,clinical,fiction,0.11566734313964844,0.4239070415496826,0.07609295845031738
a,bs006,bodily_state,direct,data,0.10157513618469238,0.4403740167617798,0.059625983238220215
a,bs006,bodily_state,direct,code,0.07947194576263428,0.4403740167617798,0.059625983238220215
a,bs006,bodily_state,direct,fiction,0.1479947566986084,0.4403740167617798,0.059625983238220215
a,bs006,bodily_state,data,code,0.06480264663696289,0.5112147331237793,0.011214733123779297
a,bs006,bodily_state,data,fiction,0.1868475079536438,0.5112147331237793,0.011214733123779297
a,bs006,bodily_state,code,fiction,0.2218196988105774,0.39824849367141724,0.10175150632858276
a,bs007,bodily_state,clinical,direct,0.021722137928009033,0.5228801369667053,0.022880136966705322
a,bs007,bodily_state,clinical,data,0.07001477479934692,0.5228801369667053,0.022880136966705322
a,bs007,bodily_state,clinical,code,0.0732221007347107,0.5228801369667053,0.022880136966705322
a,bs007,bodily_state,clinical,fiction,0.08621841669082642,0.5228801369667053,0.022880136966705322
a,bs007,bodily_state,direct,data,0.07750767469406128,0.4901289641857147,0.009871035814285278
a,bs007,bodily_state,direct,code,0.09723567962646484,0.4901289641857147,0.009871035814285278
a,bs007,bodily_state,direct,fiction,0.07793128490447998,0.4901289641857147,0.009871035814285278
a,bs007,bodily_state,data,code,0.06324821710586548,0.4994494915008545,0.0005505084991455078
a,bs007,bodily_state,data,fiction,0.13813120126724243,0.4994494915008545,0.0005505084991455078
a,bs007,bodily_state,code,fiction,0.19085419178009033,0.542905330657959,0.042905330657958984
a,bs008,bodily_state,clinical,direct,0.029807090759277344,0.5031096339225769,0.0031096339225769043
a,bs008,bodily_state,clinical,data,0.078502357006073,0.5031096339225769,0.0031096339225769043
a,bs008,bodily_state,clinical,code,0.06831502914428711,0.5031096339225769,0.0031096339225769043
a,bs008,bodily_state,clinical,fiction,0.12181508541107178,0.5031096339225769,0.0031096339225769043
a,bs008,bodily_state,direct,data,0.0705370306968689,0.5317938923835754,0.03179389238357544
a,bs008,bodily_state,direct,code,0.06488692760467529,0.5317938923835754,0.03179389238357544
a,bs008,bodily_state,direct,fiction,0.10822504758834839,0.5317938923835754,0.03179389238357544
a,bs008,bodily_state,data,code,0.050170958042144775,0.45264729857444763,0.04735270142555237
a,bs008,bodily_state,data,fiction,0.1584368348121643,0.45264729857444763,0.04735270142555237
a,bs008,bodily_state,code,fiction,0.19443827867507935,0.4809991717338562,0.0190008282661438
a,dc001,deception,clinical,direct,0.06109970808029175,0.5194777846336365,0.019477784633636475
a,dc001,deception,clinical,data,0.11099553108215332,0.5194777846336365,0.019477784633636475
a,dc001,deception,clinical,code,0.10661745071411133,0.5194777846336365,0.019477784633636475
a,dc001,deception,clinical,fiction,0.11492502689361572,0.5194777846336365,0.019477784633636475
a,dc001,deception,direct,data,0.10398757457733154,0.6189632415771484,0.11896324157714844
a,dc001,deception,direct,code,0.0868687629699707,0.6189632415771484,0.11896324157714844
a,dc001,deception,direct,fiction,0.119270920753479,0.6189632415771484,0.11896324157714844
a,dc001,deception,data,code,0.07190406322479248,0.5982670187950134,0.09826701879501343
a,dc001,deception,data,fiction,0.19375741481781006,0.5982670187950134,0.09826701879501343
a,dc001,deception,code,fiction,0.22400015592575073,0.5184568762779236,0.018456876277923584
a,dc002,deception,clinical,direct,0.05278509855270386,0.5851916074752808,0.08519160747528076
a,dc002,deception,clinical,data,0.13307946920394897,0.5851916074752808,0.08519160747528076
a,dc002,deception,clinical,code,0.0915755033493042,0.5851916074752808,0.08519160747528076
a,dc002,deception,clinical,fiction,0.10658425092697144,0.5851916074752808,0.08519160747528076
a,dc002,deception,direct,data,0.08707857131958008,0.5253739356994629,0.02537393569946289
a,dc002,deception,direct,code,0.051015496253967285,0.5253739356994629,0.02537393569946289
a,dc002,deception,direct,fiction,0.07501709461212158,0.5253739356994629,0.02537393569946289
a,dc002,deception,data,code,0.068992018699646,0.6150906682014465,0.11509066820144653
a,dc002,deception,data,fiction,0.17704850435256958,0.6150906682014465,0.11509066820144653
a,dc002,deception,code,fiction,0.1326790452003479,0.4289868175983429,0.0710131824016571
a,dc003,deception,clinical,direct,0.06932759284973145,0.6995570659637451,0.19955706596374512
a,dc003,deception,clinical,data,0.09926056861877441,0.6995570659637451,0.19955706596374512
a,dc003,deception,clinical,code,0.10002821683883667,0.6995570659637451,0.19955706596374512
a,dc003,deception,clinical,fiction,0.11115026473999023,0.6995570659637451,0.19955706596374512
a,dc003,deception,direct,data,0.1262798309326172,0.7711526155471802,0.2711526155471802
a,dc003,deception,direct,code,0.12169378995895386,0.7711526155471802,0.2711526155471802
a,dc003,deception,direct,fiction,0.09464514255523682,0.7711526155471802,0.2711526155471802
a,dc003,deception,data,code,0.07153552770614624,0.6806195974349976,0.18061959743499756
a,dc003,deception,data,fiction,0.19203603267669678,0.6806195974349976,0.18061959743499756
a,dc003,deception,code,fiction,0.21868616342544556,0.5021948218345642,0.002194821834564209
a,dc004,deception,clinical,direct,0.04456174373626709,0.5899410843849182,0.08994108438491821
a,dc004,deception,clinical,data,0.10970979928970337,0.5899410843849182,0.08994108438491821
a,dc004,deception,clinical,code,0.0863848328590393,0.5899410843849182,0.08994108438491821
a,dc004,deception,clinical,fiction,0.10977661609649658,0.5899410843849182,0.08994108438491821
a,dc004,deception,direct,data,0.09110689163208008,0.6167680621147156,0.11676806211471558
a,dc004,deception,direct,code,0.08547854423522949,0.6167680621147156,0.11676806211471558
a,dc004,deception,direct,fiction,0.10387146472930908,0.6167680621147156,0.11676806211471558
a,dc004,deception,data,code,0.06447511911392212,0.6322597861289978,0.1322597861289978
a,dc004,deception,data,fiction,0.17976146936416626,0.6322597861289978,0.1322597861289978
a,dc004,deception,code,fiction,0.19481170177459717,0.5378457903862,0.03784579038619995
a,dc005,deception,clinical,direct,0.06352502107620239,0.7335492372512817,0.23354923725128174
a,dc005,deception,clinical,data,0.11312514543533325,0.7335492372512817,0.23354923725128174
a,dc005,deception,clinical,code,0.09225684404373169,0.7335492372512817,0.23354923725128174
a,dc005,deception,clinical,fiction,0.1032988429069519,0.7335492372512817,0.23354923725128174
a,dc005,deception,direct,data,0.08650970458984375,0.7238527536392212,0.2238527536392212
a,dc005,deception,direct,code,0.06642508506774902,0.7238527536392212,0.2238527536392212
a,dc005,deception,direct,fiction,0.1185373067855835,0.7238527536392212,0.2238527536392212
a,dc005,deception,data,code,0.05810660123825073,0.6918478608131409,0.19184786081314087
a,dc005,deception,data,fiction,0.18365997076034546,0.6918478608131409,0.19184786081314087
a,dc005,deception,code,fiction,0.1832348108291626,0.5952954888343811,0.0952954888343811
a,dc006,deception,clinical,direct,0.051352739334106445,0.6965160369873047,0.1965160369873047
a,dc006,deception,clinical,data,0.0965767502784729,0.6965160369873047,0.1965160369873047
a,dc006,deception,clinical,code,0.09863454103469849,0.6965160369873047,0.1965160369873047
a,dc006,deception,clinical,fiction,0.09427207708358765,0.6965160369873047,0.1965160369873047
a,dc006,deception,direct,data,0.08523344993591309,0.45351338386535645,0.046486616134643555
a,dc006,deception,direct,code,0.0756039023399353,0.45351338386535645,0.046486616134643555
a,dc006,deception,direct,fiction,0.10804897546768188,0.45351338386535645,0.046486616134643555
a,dc006,deception,data,code,0.06666713953018188,0.44271236658096313,0.057287633419036865
a,dc006,deception,data,fiction,0.1560051441192627,0.44271236658096313,0.057287633419036865
a,dc006,deception,code,fiction,0.21290463209152222,0.5200262665748596,0.02002626657485962
a,dc007,deception,clinical,direct,0.07996320724487305,0.4324955642223358,0.06750443577766418
a,dc007,deception,clinical,data,0.14153587818145752,0.4324955642223358,0.06750443577766418
a,dc007,deception,clinical,code,0.11399251222610474,0.4324955642223358,0.06750443577766418
a,dc007,deception,clinical,fiction,0.10301452875137329,0.4324955642223358,0.06750443577766418
a,dc007,deception,direct,data,0.10201644897460938,0.3669094443321228,0.1330905556678772
a,dc007,deception,direct,code,0.09135037660598755,0.3669094443321228,0.1330905556678772
a,dc007,deception,direct,fiction,0.1419166922569275,0.3669094443321228,0.1330905556678772
a,dc007,deception,data,code,0.07035505771636963,0.42975878715515137,0.07024121284484863
a,dc007,deception,data,fiction,0.21926754713058472,0.42975878715515137,0.07024121284484863
a,dc007,deception,code,fiction,0.2123638391494751,0.5001956224441528,0.00019562244415283203
a,dc008,deception,clinical,direct,0.08694738149642944,0.6918376088142395,0.1918376088142395
a,dc008,deception,clinical,data,0.11142206192016602,0.6918376088142395,0.1918376088142395
a,dc008,deception,clinical,code,0.11285889148712158,0.6918376088142395,0.1918376088142395
a,dc008,deception,clinical,fiction,0.07926023006439209,0.6918376088142395,0.1918376088142395
a,dc008,deception,direct,data,0.11399811506271362,0.620519757270813,0.12051975727081299
a,dc008,deception,direct,code,0.09931975603103638,0.620519757270813,0.12051975727081299
a,dc008,deception,direct,fiction,0.12190109491348267,0.620519757270813,0.12051975727081299
a,dc008,deception,data,code,0.08163577318191528,0.6721682548522949,0.17216825485229492
a,dc008,deception,data,fiction,0.16502004861831665,0.6721682548522949,0.17216825485229492
a,dc008,deception,code,fiction,0.17628079652786255,0.5402434468269348,0.040243446826934814
a,dc009,deception,clinical,direct,0.032064199447631836,0.5804781913757324,0.08047819137573242
a,dc009,deception,clinical,data,0.08053678274154663,0.5804781913757324,0.08047819137573242
a,dc009,deception,clinical,code,0.07961106300354004,0.5804781913757324,0.08047819137573242
a,dc009,deception,clinical,fiction,0.06469887495040894,0.5804781913757324,0.08047819137573242
a,dc009,deception,direct,data,0.06273627281188965,0.5234615206718445,0.023461520671844482
a,dc009,deception,direct,code,0.050041794776916504,0.5234615206718445,0.023461520671844482
a,dc009,deception,direct,fiction,0.06851756572723389,0.5234615206718445,0.023461520671844482
a,dc009,deception,data,code,0.05249917507171631,0.5860004425048828,0.08600044250488281
a,dc009,deception,data,fiction,0.1206287145614624,0.5860004425048828,0.08600044250488281
a,dc009,deception,code,fiction,0.13420790433883667,0.5384360551834106,0.038436055183410645
a,sc001,sexual_content,clinical,direct,0.04348880052566528,0.4225401282310486,0.07745987176895142
a,sc001,sexual_content,clinical,data,0.14229005575180054,0.4225401282310486,0.07745987176895142
a,sc001,sexual_content,clinical,code,0.0914386510848999,0.4225401282310486,0.07745987176895142
a,sc001,sexual_content,clinical,fiction,0.0888243317604065,0.4225401282310486,0.07745987176895142
a,sc001,sexual_content,direct,data,0.1005011796951294,0.41682109236717224,0.08317890763282776
a,sc001,sexual_content,direct,code,0.06182301044464111,0.41682109236717224,0.08317890763282776
a,sc001,sexual_content,direct,fiction,0.07765364646911621,0.41682109236717224,0.08317890763282776
a,sc001,sexual_content,data,code,0.05924654006958008,0.3910490870475769,0.1089509129524231
a,sc001,sexual_content,data,fiction,0.17892640829086304,0.3910490870475769,0.1089509129524231
a,sc001,sexual_content,code,fiction,0.14601963758468628,0.3875005841255188,0.1124994158744812
a,sc002,sexual_content,clinical,direct,0.044663846492767334,0.6588070392608643,0.15880703926086426
a,sc002,sexual_content,clinical,data,0.11896908283233643,0.6588070392608643,0.15880703926086426
a,sc002,sexual_content,clinical,code,0.10046571493148804,0.6588070392608643,0.15880703926086426
a,sc002,sexual_content,clinical,fiction,0.10909527540206909,0.6588070392608643,0.15880703926086426
a,sc002,sexual_content,direct,data,0.10897195339202881,0.4978705048561096,0.002129495143890381
a,sc002,sexual_content,direct,code,0.07585012912750244,0.4978705048561096,0.002129495143890381
a,sc002,sexual_content,direct,fiction,0.06642097234725952,0.4978705048561096,0.002129495143890381
a,sc002,sexual_content,data,code,0.09257608652114868,0.6581979393959045,0.15819793939590454
a,sc002,sexual_content,data,fiction,0.16296201944351196,0.6581979393959045,0.15819793939590454
a,sc002,sexual_content,code,fiction,0.14744895696640015,0.587975025177002,0.08797502517700195
a,sc003,sexual_content,clinical,direct,0.07105356454849243,0.48952817916870117,0.010471820831298828
a,sc003,sexual_content,clinical,data,0.13413715362548828,0.48952817916870117,0.010471820831298828
a,sc003,sexual_content,clinical,code,0.09853243827819824,0.48952817916870117,0.010471820831298828
a,sc003,sexual_content,clinical,fiction,0.136962890625,0.48952817916870117,0.010471820831298828
a,sc003,sexual_content,direct,data,0.11564946174621582,0.34175965189933777,0.15824034810066223
a,sc003,sexual_content,direct,code,0.08367353677749634,0.34175965189933777,0.15824034810066223
a,sc003,sexual_content,direct,fiction,0.08926773071289062,0.34175965189933777,0.15824034810066223
a,sc003,sexual_content,data,code,0.07126885652542114,0.5655125975608826,0.06551259756088257
a,sc003,sexual_content,data,fiction,0.20029383897781372,0.5655125975608826,0.06551259756088257
a,sc003,sexual_content,code,fiction,0.1747865080833435,0.4893784821033478,0.010621517896652222
a,sc004,sexual_content,clinical,direct,0.03892165422439575,0.6938746571540833,0.19387465715408325
a,sc004,sexual_content,clinical,data,0.10669350624084473,0.6938746571540833,0.19387465715408325
a,sc004,sexual_content,clinical,code,0.1108890175819397,0.6938746571540833,0.19387465715408325
a,sc004,sexual_content,clinical,fiction,0.0954558253288269,0.6938746571540833,0.19387465715408325
a,sc004,sexual_content,direct,data,0.11015456914901733,0.4975470304489136,0.0024529695510864258
a,sc004,sexual_content,direct,code,0.11345738172531128,0.4975470304489136,0.0024529695510864258
a,sc004,sexual_content,direct,fiction,0.09354472160339355,0.4975470304489136,0.0024529695510864258
a,sc004,sexual_content,data,code,0.07402658462524414,0.5584926009178162,0.05849260091781616
a,sc004,sexual_content,data,fiction,0.15688848495483398,0.5584926009178162,0.05849260091781616
a,sc004,sexual_content,code,fiction,0.20770931243896484,0.5950325131416321,0.09503251314163208
a,sc005,sexual_content,clinical,direct,0.05584925413131714,0.6483748555183411,0.14837485551834106
a,sc005,sexual_content,clinical,data,0.13667356967926025,0.6483748555183411,0.14837485551834106
a,sc005,sexual_content,clinical,code,0.10644614696502686,0.6483748555183411,0.14837485551834106
a,sc005,sexual_content,clinical,fiction,0.069979727268219,0.6483748555183411,0.14837485551834106
a,sc005,sexual_content,direct,data,0.09459531307220459,0.541778564453125,0.041778564453125
a,sc005,sexual_content,direct,code,0.06895148754119873,0.541778564453125,0.041778564453125
a,sc005,sexual_content,direct,fiction,0.06754523515701294,0.541778564453125,0.041778564453125
a,sc005,sexual_content,data,code,0.07221454381942749,0.47540026903152466,0.024599730968475342
a,sc005,sexual_content,data,fiction,0.15742087364196777,0.47540026903152466,0.024599730968475342
a,sc005,sexual_content,code,fiction,0.14178496599197388,0.5290608406066895,0.029060840606689453
a,sc006,sexual_content,clinical,direct,0.021688401699066162,0.43231824040412903,0.06768175959587097
a,sc006,sexual_content,clinical,data,0.11067193746566772,0.43231824040412903,0.06768175959587097
a,sc006,sexual_content,clinical,code,0.08935606479644775,0.43231824040412903,0.06768175959587097
a,sc006,sexual_content,clinical,fiction,0.097770094871521,0.43231824040412903,0.06768175959587097
a,sc006,sexual_content,direct,data,0.09913212060928345,0.44527938961982727,0.05472061038017273
a,sc006,sexual_content,direct,code,0.09006118774414062,0.44527938961982727,0.05472061038017273
a,sc006,sexual_content,direct,fiction,0.08178520202636719,0.44527938961982727,0.05472061038017273
a,sc006,sexual_content,data,code,0.06560200452804565,0.6068421602249146,0.10684216022491455
a,sc006,sexual_content,data,fiction,0.17211753129959106,0.6068421602249146,0.10684216022491455
a,sc006,sexual_content,code,fiction,0.187280535697937,0.4811941087245941,0.018805891275405884
a,sc007,sexual_content,clinical,direct,0.06747382879257202,0.6171934008598328,0.11719340085983276
a,sc007,sexual_content,clinical,data,0.12134778499603271,0.6171934008598328,0.11719340085983276
a,sc007,sexual_content,clinical,code,0.11989766359329224,0.6171934008598328,0.11719340085983276
a,sc007,sexual_content,clinical,fiction,0.06794160604476929,0.6171934008598328,0.11719340085983276
a,sc007,sexual_content,direct,data,0.08390969038009644,0.5278010368347168,0.027801036834716797
a,sc007,sexual_content,direct,code,0.07805943489074707,0.5278010368347168,0.027801036834716797
a,sc007,sexual_content,direct,fiction,0.06009471416473389,0.5278010368347168,0.027801036834716797
a,sc007,sexual_content,data,code,0.0616527795791626,0.45403140783309937,0.045968592166900635
a,sc007,sexual_content,data,fiction,0.1276545524597168,0.45403140783309937,0.045968592166900635
a,sc007,sexual_content,code,fiction,0.13694214820861816,0.5022263526916504,0.0022263526916503906
a,sc008,sexual_content,clinical,direct,0.05310702323913574,0.6646252870559692,0.16462528705596924
a,sc008,sexual_content,clinical,data,0.13591015338897705,0.6646252870559692,0.16462528705596924
a,sc008,sexual_content,clinical,code,0.08978313207626343,0.6646252870559692,0.16462528705596924
a,sc008,sexual_content,clinical,fiction,0.11660158634185791,0.6646252870559692,0.16462528705596924
a,sc008,sexual_content,direct,data,0.11393684148788452,0.5214354395866394,0.021435439586639404
a,sc008,sexual_content,direct,code,0.09405934810638428,0.5214354395866394,0.021435439586639404
a,sc008,sexual_content,direct,fiction,0.05959099531173706,0.5214354395866394,0.021435439586639404
a,sc008,sexual_content,data,code,0.06002527475357056,0.7403625249862671,0.2403625249862671
a,sc008,sexual_content,data,fiction,0.19403088092803955,0.7403625249862671,0.2403625249862671
a,sc008,sexual_content,code,fiction,0.17784464359283447,0.6395178437232971,0.13951784372329712
a,sh001,self_harm,clinical,direct,0.04904186725616455,0.5236071348190308,0.02360713481903076
a,sh001,self_harm,clinical,data,0.11112344264984131,0.5236071348190308,0.02360713481903076
a,sh001,self_harm,clinical,code,0.08508902788162231,0.5236071348190308,0.02360713481903076
a,sh001,self_harm,clinical,fiction,0.11222648620605469,0.5236071348190308,0.02360713481903076
a,sh001,self_harm,direct,data,0.11564552783966064,0.5395997762680054,0.03959977626800537
a,sh001,self_harm,direct,code,0.08326315879821777,0.5395997762680054,0.03959977626800537
a,sh001,self_harm,direct,fiction,0.11058312654495239,0.5395997762680054,0.03959977626800537
a,sh001,self_harm,data,code,0.07675784826278687,0.446258008480072,0.05374199151992798
a,sh001,self_harm,data,fiction,0.17285478115081787,0.446258008480072,0.05374199151992798
a,sh001,self_harm,code,fiction,0.207835853099823,0.4773423969745636,0.0226576030254364
a,sh002,self_harm,clinical,direct,0.06149250268936157,0.419283390045166,0.08071660995483398
a,sh002,self_harm,clinical,data,0.13719600439071655,0.419283390045166,0.08071660995483398
a,sh002,self_harm,clinical,code,0.09436672925949097,0.419283390045166,0.08071660995483398
a,sh002,self_harm,clinical,fiction,0.14813661575317383,0.419283390045166,0.08071660995483398
a,sh002,self_harm,direct,data,0.11932563781738281,0.426454097032547,0.073545902967453
a,sh002,self_harm,direct,code,0.10212385654449463,0.426454097032547,0.073545902967453
a,sh002,self_harm,direct,fiction,0.1055746078491211,0.426454097032547,0.073545902967453
a,sh002,self_harm,data,code,0.08763390779495239,0.4233110547065735,0.07668894529342651
a,sh002,self_harm,data,fiction,0.21929723024368286,0.4233110547065735,0.07668894529342651
a,sh002,self_harm,code,fiction,0.23102247714996338,0.3979218602180481,0.1020781397819519
a,sh003,self_harm,clinical,direct,0.030191779136657715,0.48043838143348694,0.01956161856651306
a,sh003,self_harm,clinical,data,0.0753563642501831,0.48043838143348694,0.01956161856651306
a,sh003,self_harm,clinical,code,0.07406431436538696,0.48043838143348694,0.01956161856651306
a,sh003,self_harm,clinical,fiction,0.09251099824905396,0.48043838143348694,0.01956161856651306
a,sh003,self_harm,direct,data,0.05667150020599365,0.5647939443588257,0.06479394435882568
a,sh003,self_harm,direct,code,0.05288463830947876,0.5647939443588257,0.06479394435882568
a,sh003,self_harm,direct,fiction,0.09327757358551025,0.5647939443588257,0.06479394435882568
a,sh003,self_harm,data,code,0.04580110311508179,0.5451861619949341,0.04518616199493408
a,sh003,self_harm,data,fiction,0.11889392137527466,0.5451861619949341,0.04518616199493408
a,sh003,self_harm,code,fiction,0.15744549036026,0.4489617645740509,0.0510382354259491
a,sh004,self_harm,clinical,direct,0.05687469244003296,0.6552159190177917,0.15521591901779175
a,sh004,self_harm,clinical,data,0.13731378316879272,0.6552159190177917,0.15521591901779175
a,sh004,self_harm,clinical,code,0.09482866525650024,0.6552159190177917,0.15521591901779175
a,sh004,self_harm,clinical,fiction,0.12926805019378662,0.6552159190177917,0.15521591901779175
a,sh004,self_harm,direct,data,0.1478254795074463,0.866192638874054,0.36619263887405396
a,sh004,self_harm,direct,code,0.12763434648513794,0.866192638874054,0.36619263887405396
a,sh004,self_harm,direct,fiction,0.11333250999450684,0.866192638874054,0.36619263887405396
a,sh004,self_harm,data,code,0.07755929231643677,0.8574751019477844,0.3574751019477844
a,sh004,self_harm,data,fiction,0.22544926404953003,0.8574751019477844,0.3574751019477844
a,sh004,self_harm,code,fiction,0.23184603452682495,0.7324154376983643,0.23241543769836426
a,sh005,self_harm,clinical,direct,0.03835856914520264,0.5463607907295227,0.046360790729522705
a,sh005,self_harm,clinical,data,0.11517328023910522,0.5463607907295227,0.046360790729522705
a,sh005,self_harm,clinical,code,0.08670693635940552,0.5463607907295227,0.046360790729522705
a,sh005,self_harm,clinical,fiction,0.13363510370254517,0.5463607907295227,0.046360790729522705
a,sh005,self_harm,direct,data,0.09582334756851196,0.5580509305000305,0.05805093050003052
a,sh005,self_harm,direct,code,0.0625644326210022,0.5580509305000305,0.05805093050003052
a,sh005,self_harm,direct,fiction,0.12608397006988525,0.5580509305000305,0.05805093050003052
a,sh005,self_harm,data,code,0.0679435133934021,0.5756420493125916,0.07564204931259155
a,sh005,self_harm,data,fiction,0.18668943643569946,0.5756420493125916,0.07564204931259155
a,sh005,self_harm,code,fiction,0.21153408288955688,0.41441819071769714,0.08558180928230286
a,sh006,self_harm,clinical,direct,0.018759727478027344,0.5591979026794434,0.05919790267944336
a,sh006,self_harm,clinical,data,0.05726224184036255,0.5591979026794434,0.05919790267944336
a,sh006,self_harm,clinical,code,0.05116194486618042,0.5591979026794434,0.05919790267944336
a,sh006,self_harm,clinical,fiction,0.0805196762084961,0.5591979026794434,0.05919790267944336
a,sh006,self_harm,direct,data,0.04966694116592407,0.5176019668579102,0.017601966857910156
a,sh006,self_harm,direct,code,0.04434967041015625,0.5176019668579102,0.017601966857910156
a,sh006,self_harm,direct,fiction,0.0782705545425415,0.5176019668579102,0.017601966857910156
a,sh006,self_harm,data,code,0.03345531225204468,0.6033331751823425,0.10333317518234253
a,sh006,self_harm,data,fiction,0.12219548225402832,0.6033331751823425,0.10333317518234253
a,sh006,self_harm,code,fiction,0.13221436738967896,0.46829506754875183,0.03170493245124817
a,sh007,self_harm,clinical,direct,0.027275025844573975,0.45816874504089355,0.041831254959106445
a,sh007,self_harm,clinical,data,0.1049155592918396,0.45816874504089355,0.041831254959106445
a,sh007,self_harm,clinical,code,0.07909053564071655,0.45816874504089355,0.041831254959106445
a,sh007,self_harm,clinical,fiction,0.09522134065628052,0.45816874504089355,0.041831254959106445
a,sh007,self_harm,direct,data,0.08664876222610474,0.42833611369132996,0.07166388630867004
a,sh007,self_harm,direct,code,0.0639798641204834,0.42833611369132996,0.07166388630867004
a,sh007,self_harm,direct,fiction,0.09415668249130249,0.42833611369132996,0.07166388630867004
a,sh007,self_harm,data,code,0.07241660356521606,0.5892384052276611,0.08923840522766113
a,sh007,self_harm,data,fiction,0.15816575288772583,0.5892384052276611,0.08923840522766113
a,sh007,self_harm,code,fiction,0.18188166618347168,0.4108297526836395,0.08917024731636047
a,sh008,self_harm,clinical,direct,0.028103947639465332,0.5756010413169861,0.07560104131698608
a,sh008,self_harm,clinical,data,0.08237910270690918,0.5756010413169861,0.07560104131698608
a,sh008,self_harm,clinical,code,0.07518130540847778,0.5756010413169861,0.07560104131698608
a,sh008,self_harm,clinical,fiction,0.09661209583282471,0.5756010413169861,0.07560104131698608
a,sh008,self_harm,direct,data,0.07607603073120117,0.5294618606567383,0.02946186065673828
a,sh008,self_harm,direct,code,0.10260307788848877,0.5294618606567383,0.02946186065673828
a,sh008,self_harm,direct,fiction,0.08073806762695312,0.5294618606567383,0.02946186065673828
a,sh008,self_harm,data,code,0.07541269063949585,0.5946068167686462,0.09460681676864624
a,sh008,self_harm,data,fiction,0.12510311603546143,0.5946068167686462,0.09460681676864624
a,sh008,self_harm,code,fiction,0.17692482471466064,0.5281143188476562,0.02811431884765625
a,su001,substance_use,clinical,direct,0.051566481590270996,0.5029696822166443,0.002969682216644287
a,su001,substance_use,clinical,data,0.12564849853515625,0.5029696822166443,0.002969682216644287
a,su001,substance_use,clinical,code,0.08205610513687134,0.5029696822166443,0.002969682216644287
a,su001,substance_use,clinical,fiction,0.11359894275665283,0.5029696822166443,0.002969682216644287
a,su001,substance_use,direct,data,0.10424554347991943,0.5929014086723328,0.09290140867233276
a,su001,substance_use,direct,code,0.0764089822769165,0.5929014086723328,0.09290140867233276
a,su001,substance_use,direct,fiction,0.12858366966247559,0.5929014086723328,0.09290140867233276
a,su001,substance_use,data,code,0.07386595010757446,0.5627484321594238,0.06274843215942383
a,su001,substance_use,data,fiction,0.19327712059020996,0.5627484321594238,0.06274843215942383
a,su001,substance_use,code,fiction,0.19827771186828613,0.5501853227615356,0.050185322761535645
a,su002,substance_use,clinical,direct,0.030309855937957764,0.631187379360199,0.13118737936019897
a,su002,substance_use,clinical,data,0.12880051136016846,0.631187379360199,0.13118737936019897
a,su002,substance_use,clinical,code,0.08171534538269043,0.631187379360199,0.13118737936019897
a,su002,substance_use,clinical,fiction,0.12321698665618896,0.631187379360199,0.13118737936019897
a,su002,substance_use,direct,data,0.10949212312698364,0.634969174861908,0.13496917486190796
a,su002,substance_use,direct,code,0.06685936450958252,0.634969174861908,0.13496917486190796
a,su002,substance_use,direct,fiction,0.11870646476745605,0.634969174861908,0.13496917486190796
a,su002,substance_use,data,code,0.07080799341201782,0.6896337866783142,0.1896337866783142
a,su002,substance_use,data,fiction,0.2313283085823059,0.6896337866783142,0.1896337866783142
a,su002,substance_use,code,fiction,0.22524511814117432,0.6166882514953613,0.11668825149536133
a,su003,substance_use,clinical,direct,0.031494855880737305,0.3548864722251892,0.1451135277748108
a,su003,substance_use,clinical,data,0.11066371202468872,0.3548864722251892,0.1451135277748108
a,su003,substance_use,clinical,code,0.08147305250167847,0.3548864722251892,0.1451135277748108
a,su003,substance_use,clinical,fiction,0.09715414047241211,0.3548864722251892,0.1451135277748108
a,su003,substance_use,direct,data,0.08897751569747925,0.3528585135936737,0.1471414864063263
a,su003,substance_use,direct,code,0.07378411293029785,0.3528585135936737,0.1471414864063263
a,su003,substance_use,direct,fiction,0.08056783676147461,0.3528585135936737,0.1471414864063263
a,su003,substance_use,data,code,0.07129096984863281,0.3764999806880951,0.12350001931190491
a,su003,substance_use,data,fiction,0.17163634300231934,0.3764999806880951,0.12350001931190491
a,su003,substance_use,code,fiction,0.17484283447265625,0.33222365379333496,0.16777634620666504
a,su004,substance_use,clinical,direct,0.07515454292297363,0.37497323751449585,0.12502676248550415
a,su004,substance_use,clinical,data,0.1584714651107788,0.37497323751449585,0.12502676248550415
a,su004,substance_use,clinical,code,0.1130172610282898,0.37497323751449585,0.12502676248550415
a,su004,substance_use,clinical,fiction,0.14683550596237183,0.37497323751449585,0.12502676248550415
a,su004,substance_use,direct,data,0.16363149881362915,0.422362357378006,0.07763764262199402
a,su004,substance_use,direct,code,0.09298056364059448,0.422362357378006,0.07763764262199402
a,su004,substance_use,direct,fiction,0.1803085207939148,0.422362357378006,0.07763764262199402
a,su004,substance_use,data,code,0.09670507907867432,0.39840978384017944,0.10159021615982056
a,su004,substance_use,data,fiction,0.2337743043899536,0.39840978384017944,0.10159021615982056
a,su004,substance_use,code,fiction,0.2671993374824524,0.36202073097229004,0.13797926902770996
a,su005,substance_use,clinical,direct,0.031004726886749268,0.16585397720336914,0.33414602279663086
a,su005,substance_use,clinical,data,0.11487066745758057,0.16585397720336914,0.33414602279663086
a,su005,substance_use,clinical,code,0.07878810167312622,0.16585397720336914,0.33414602279663086
a,su005,substance_use,clinical,fiction,0.12097394466400146,0.16585397720336914,0.33414602279663086
a,su005,substance_use,direct,data,0.09578776359558105,0.14973407983779907,0.3502659201622009
a,su005,substance_use,direct,code,0.07959878444671631,0.14973407983779907,0.3502659201622009
a,su005,substance_use,direct,fiction,0.11028587818145752,0.14973407983779907,0.3502659201622009
a,su005,substance_use,data,code,0.07036644220352173,0.16085250675678253,0.33914749324321747
a,su005,substance_use,data,fiction,0.1827399730682373,0.16085250675678253,0.33914749324321747
a,su005,substance_use,code,fiction,0.21332961320877075,0.21741044521331787,0.28258955478668213
a,su006,substance_use,clinical,direct,0.050805091857910156,0.48058372735977173,0.01941627264022827
a,su006,substance_use,clinical,data,0.1295728087425232,0.48058372735977173,0.01941627264022827
a,su006,substance_use,clinical,code,0.0863611102104187,0.48058372735977173,0.01941627264022827
a,su006,substance_use,clinical,fiction,0.11017459630966187,0.48058372735977173,0.01941627264022827
a,su006,substance_use,direct,data,0.10337656736373901,0.524909257888794,0.024909257888793945
a,su006,substance_use,direct,code,0.08144909143447876,0.524909257888794,0.024909257888793945
a,su006,substance_use,direct,fiction,0.10281157493591309,0.524909257888794,0.024909257888793945
a,su006,substance_use,data,code,0.08479678630828857,0.41231289505958557,0.08768710494041443
a,su006,substance_use,data,fiction,0.1708933711051941,0.41231289505958557,0.08768710494041443
a,su006,substance_use,code,fiction,0.19580495357513428,0.39575687050819397,0.10424312949180603
a,su007,substance_use,clinical,direct,0.06835085153579712,0.4830552637577057,0.01694473624229431
a,su007,substance_use,clinical,data,0.13074004650115967,0.4830552637577057,0.01694473624229431
a,su007,substance_use,clinical,code,0.08871203660964966,0.4830552637577057,0.01694473624229431
a,su007,substance_use,clinical,fiction,0.12483543157577515,0.4830552637577057,0.01694473624229431
a,su007,substance_use,direct,data,0.12022942304611206,0.3688877522945404,0.1311122477054596
a,su007,substance_use,direct,code,0.08944207429885864,0.3688877522945404,0.1311122477054596
a,su007,substance_use,direct,fiction,0.14550870656967163,0.3688877522945404,0.1311122477054596
a,su007,substance_use,data,code,0.07646453380584717,0.5551524758338928,0.05515247583389282
a,su007,substance_use,data,fiction,0.20798122882843018,0.5551524758338928,0.05515247583389282
a,su007,substance_use,code,fiction,0.21220731735229492,0.5093366503715515,0.009336650371551514
a,su008,substance_use,clinical,direct,0.04472130537033081,0.5232712626457214,0.023271262645721436
a,su008,substance_use,clinical,data,0.15372657775878906,0.5232712626457214,0.023271262645721436
a,su008,substance_use,clinical,code,0.08846110105514526,0.5232712626457214,0.023271262645721436
a,su008,substance_use,clinical,fiction,0.12701177597045898,0.5232712626457214,0.023271262645721436
a,su008,substance_use,direct,data,0.13884419202804565,0.6743249893188477,0.17432498931884766
a,su008,substance_use,direct,code,0.0921938419342041,0.6743249893188477,0.17432498931884766
a,su008,substance_use,direct,fiction,0.12396246194839478,0.6743249893188477,0.17432498931884766
a,su008,substance_use,data,code,0.07551330327987671,0.5961658358573914,0.09616583585739136
a,su008,substance_use,data,fiction,0.25904446840286255,0.5961658358573914,0.09616583585739136
a,su008,substance_use,code,fiction,0.21645164489746094,0.632729172706604,0.132729172706604
a,su009,substance_use,clinical,direct,0.023519039154052734,0.26373395323753357,0.23626604676246643
a,su009,substance_use,clinical,data,0.0626518726348877,0.26373395323753357,0.23626604676246643
a,su009,substance_use,clinical,code,0.051019489765167236,0.26373395323753357,0.23626604676246643
a,su009,substance_use,clinical,fiction,0.08081114292144775,0.26373395323753357,0.23626604676246643
a,su009,substance_use,direct,data,0.06928783655166626,0.25201404094696045,0.24798595905303955
a,su009,substance_use,direct,code,0.06444692611694336,0.25201404094696045,0.24798595905303955
a,su009,substance_use,direct,fiction,0.07447075843811035,0.25201404094696045,0.24798595905303955
a,su009,substance_use,data,code,0.04524660110473633,0.2824852466583252,0.2175147533416748
a,su009,substance_use,data,fiction,0.10779857635498047,0.2824852466583252,0.2175147533416748
a,su009,substance_use,code,fiction,0.1382744312286377,0.4028831720352173,0.09711682796478271
a,vi001,violence,clinical,direct,0.036892831325531006,0.5619373917579651,0.06193739175796509
a,vi001,violence,clinical,data,0.11145049333572388,0.5619373917579651,0.06193739175796509
a,vi001,violence,clinical,code,0.09195196628570557,0.5619373917579651,0.06193739175796509
a,vi001,violence,clinical,fiction,0.11349231004714966,0.5619373917579651,0.06193739175796509
a,vi001,violence,direct,data,0.09423214197158813,0.6346721649169922,0.1346721649169922
a,vi001,violence,direct,code,0.08826422691345215,0.6346721649169922,0.1346721649169922
a,vi001,violence,direct,fiction,0.10519450902938843,0.6346721649169922,0.1346721649169922
a,vi001,violence,data,code,0.07442712783813477,0.6579610109329224,0.15796101093292236
a,vi001,violence,data,fiction,0.15978187322616577,0.6579610109329224,0.15796101093292236
a,vi001,violence,code,fiction,0.19791662693023682,0.5340063571929932,0.034006357192993164
a,vi002,violence,clinical,direct,0.04722064733505249,0.6322301030158997,0.13223010301589966
a,vi002,violence,clinical,data,0.10289335250854492,0.6322301030158997,0.13223010301589966
a,vi002,violence,clinical,code,0.09958600997924805,0.6322301030158997,0.13223010301589966
a,vi002,violence,clinical,fiction,0.07113808393478394,0.6322301030158997,0.13223010301589966
a,vi002,violence,direct,data,0.07751613855361938,0.6429027318954468,0.14290273189544678
a,vi002,violence,direct,code,0.06247663497924805,0.6429027318954468,0.14290273189544678
a,vi002,violence,direct,fiction,0.06880950927734375,0.6429027318954468,0.14290273189544678
a,vi002,violence,data,code,0.06870633363723755,0.5999480485916138,0.09994804859161377
a,vi002,violence,data,fiction,0.13016045093536377,0.5999480485916138,0.09994804859161377
a,vi002,violence,code,fiction,0.15915542840957642,0.5766710638999939,0.0766710638999939
a,vi003,violence,clinical,direct,0.047109782695770264,0.6366462707519531,0.13664627075195312
a,vi003,violence,clinical,data,0.11825340986251831,0.6366462707519531,0.13664627075195312
a,vi003,violence,clinical,code,0.11414110660552979,0.6366462707519531,0.13664627075195312
a,vi003,violence,clinical,fiction,0.09182751178741455,0.6366462707519531,0.13664627075195312
a,vi003,violence,direct,data,0.112964928150177,0.6247429847717285,0.12474298477172852
a,vi003,violence,direct,code,0.11428743600845337,0.6247429847717285,0.12474298477172852
a,vi003,violence,direct,fiction,0.07485800981521606,0.6247429847717285,0.12474298477172852
a,vi003,violence,data,code,0.0723373293876648,0.6655489206314087,0.1655489206314087
a,vi003,violence,data,fiction,0.17498564720153809,0.6655489206314087,0.1655489206314087
a,vi003,violence,code,fiction,0.1995055079460144,0.5367560982704163,0.03675609827041626
a,vi004,violence,clinical,direct,0.05929797887802124,0.5607841610908508,0.06078416109085083
a,vi004,violence,clinical,data,0.11731010675430298,0.5607841610908508,0.06078416109085083
a,vi004,violence,clinical,code,0.09210151433944702,0.5607841610908508,0.06078416109085083
a,vi004,violence,clinical,fiction,0.13174855709075928,0.5607841610908508,0.06078416109085083
a,vi004,violence,direct,data,0.12554794549942017,0.6086790561676025,0.10867905616760254
a,vi004,violence,direct,code,0.11908066272735596,0.6086790561676025,0.10867905616760254
a,vi004,violence,direct,fiction,0.10226160287857056,0.6086790561676025,0.10867905616760254
a,vi004,violence,data,code,0.0778125524520874,0.6305752396583557,0.1305752396583557
a,vi004,violence,data,fiction,0.19348639249801636,0.6305752396583557,0.1305752396583557
a,vi004,violence,code,fiction,0.23342376947402954,0.5124649405479431,0.012464940547943115
a,vi005,violence,clinical,direct,0.04919248819351196,0.5368519425392151,0.03685194253921509
a,vi005,violence,clinical,data,0.14613300561904907,0.5368519425392151,0.03685194253921509
a,vi005,violence,clinical,code,0.09908568859100342,0.5368519425392151,0.03685194253921509
a,vi005,violence,clinical,fiction,0.13802212476730347,0.5368519425392151,0.03685194253921509
a,vi005,violence,direct,data,0.11571955680847168,0.44310659170150757,0.05689340829849243
a,vi005,violence,direct,code,0.07617485523223877,0.44310659170150757,0.05689340829849243
a,vi005,violence,direct,fiction,0.07303494215011597,0.44310659170150757,0.05689340829849243
a,vi005,violence,data,code,0.06387710571289062,0.46050140261650085,0.039498597383499146
a,vi005,violence,data,fiction,0.1909245252609253,0.46050140261650085,0.039498597383499146
a,vi005,violence,code,fiction,0.14492928981781006,0.5036004185676575,0.0036004185676574707
a,vi006,violence,clinical,direct,0.0460469126701355,0.27314820885658264,0.22685179114341736
a,vi006,violence,clinical,data,0.12561970949172974,0.27314820885658264,0.22685179114341736
a,vi006,violence,clinical,code,0.10050219297409058,0.27314820885658264,0.22685179114341736
a,vi006,violence,clinical,fiction,0.11254900693893433,0.27314820885658264,0.22685179114341736
a,vi006,violence,direct,data,0.11664879322052002,0.2707586884498596,0.22924131155014038
a,vi006,violence,direct,code,0.07975572347640991,0.2707586884498596,0.22924131155014038
a,vi006,violence,direct,fiction,0.07806903123855591,0.2707586884498596,0.22924131155014038
a,vi006,violence,data,code,0.08944731950759888,0.31899529695510864,0.18100470304489136
a,vi006,violence,data,fiction,0.194527268409729,0.31899529695510864,0.18100470304489136
a,vi006,violence,code,fiction,0.1870240569114685,0.3226758539676666,0.17732414603233337
a,vi007,violence,clinical,direct,0.03980761766433716,0.4444032907485962,0.05559670925140381
a,vi007,violence,clinical,data,0.11772072315216064,0.4444032907485962,0.05559670925140381
a,vi007,violence,clinical,code,0.08488035202026367,0.4444032907485962,0.05559670925140381
a,vi007,violence,clinical,fiction,0.09950530529022217,0.4444032907485962,0.05559670925140381
a,vi007,violence,direct,data,0.10385125875473022,0.5222933888435364,0.022293388843536377
a,vi007,violence,direct,code,0.07934916019439697,0.5222933888435364,0.022293388843536377
a,vi007,violence,direct,fiction,0.08760303258895874,0.5222933888435364,0.022293388843536377
a,vi007,violence,data,code,0.060573041439056396,0.47195661067962646,0.028043389320373535
a,vi007,violence,data,fiction,0.1709836721420288,0.47195661067962646,0.028043389320373535
a,vi007,violence,code,fiction,0.1678878664970398,0.44519394636154175,0.05480605363845825
a,vi008,violence,clinical,direct,0.05208945274353027,0.6374176144599915,0.13741761445999146
a,vi008,violence,clinical,data,0.1130819320678711,0.6374176144599915,0.13741761445999146
a,vi008,violence,clinical,code,0.09942913055419922,0.6374176144599915,0.13741761445999146
a,vi008,violence,clinical,fiction,0.09684300422668457,0.6374176144599915,0.13741761445999146
a,vi008,violence,direct,data,0.12328237295150757,0.6522192358970642,0.1522192358970642
a,vi008,violence,direct,code,0.1161835789680481,0.6522192358970642,0.1522192358970642
a,vi008,violence,direct,fiction,0.07230526208877563,0.6522192358970642,0.1522192358970642
a,vi008,violence,data,code,0.05931943655014038,0.735366940498352,0.23536694049835205
a,vi008,violence,data,fiction,0.15087157487869263,0.735366940498352,0.23536694049835205
a,vi008,violence,code,fiction,0.1684778332710266,0.6933684349060059,0.19336843490600586
a,vi009,violence,clinical,direct,0.08599853515625,0.6168212294578552,0.11682122945785522
a,vi009,violence,clinical,data,0.14036118984222412,0.6168212294578552,0.11682122945785522
a,vi009,violence,clinical,code,0.09675800800323486,0.6168212294578552,0.11682122945785522
a,vi009,violence,clinical,fiction,0.12368708848953247,0.6168212294578552,0.11682122945785522
a,vi009,violence,direct,data,0.14277887344360352,0.6503921151161194,0.15039211511611938
a,vi009,violence,direct,code,0.09688460826873779,0.6503921151161194,0.15039211511611938
a,vi009,violence,direct,fiction,0.13991707563400269,0.6503921151161194,0.15039211511611938
a,vi009,violence,data,code,0.06929421424865723,0.800838828086853,0.300838828086853
a,vi009,violence,data,fiction,0.23173540830612183,0.800838828086853,0.300838828086853
a,vi009,violence,code,fiction,0.21690738201141357,0.5007351040840149,0.0007351040840148926
