content_id,category,format_i,format_j,d_repr,cosine_sim
bs001,bodily_state,direct,clinical,0.0283815860748291,0.9716184139251709
bs001,bodily_state,direct,data,0.076022207736969,0.923977792263031
bs001,bodily_state,direct,fiction,0.08474308252334595,0.915256917476654
bs001,bodily_state,direct,code,0.08052921295166016,0.9194707870483398
bs001,bodily_state,clinical,data,0.07218855619430542,0.9278114438056946
bs001,bodily_state,clinical,fiction,0.10052216053009033,0.8994778394699097
bs001,bodily_state,clinical,code,0.0651313066482544,0.9348686933517456
bs001,bodily_state,data,fiction,0.15623259544372559,0.8437674045562744
bs001,bodily_state,data,code,0.05945408344268799,0.940545916557312
bs001,bodily_state,fiction,code,0.1891382336616516,0.8108617663383484
bs002,bodily_state,direct,clinical,0.017678558826446533,0.9823214411735535
bs002,bodily_state,direct,data,0.07601028680801392,0.9239897131919861
bs002,bodily_state,direct,fiction,0.0835527777671814,0.9164472222328186
bs002,bodily_state,direct,code,0.06037569046020508,0.9396243095397949
bs002,bodily_state,clinical,data,0.0763016939163208,0.9236983060836792
bs002,bodily_state,clinical,fiction,0.09137833118438721,0.9086216688156128
bs002,bodily_state,clinical,code,0.05093538761138916,0.9490646123886108
bs002,bodily_state,data,fiction,0.15401911735534668,0.8459808826446533
bs002,bodily_state,data,code,0.03875291347503662,0.9612470865249634
bs002,bodily_state,fiction,code,0.15460002422332764,0.8453999757766724
bs003,bodily_state,direct,clinical,0.048869311809539795,0.9511306881904602
bs003,bodily_state,direct,data,0.07782936096191406,0.9221706390380859
bs003,bodily_state,direct,fiction,0.13094043731689453,0.8690595626831055
bs003,bodily_state,direct,code,0.07574522495269775,0.9242547750473022
bs003,bodily_state,clinical,data,0.0912359356880188,0.9087640643119812
bs003,bodily_state,clinical,fiction,0.10196536779403687,0.8980346322059631
bs003,bodily_state,clinical,code,0.10833936929702759,0.8916606307029724
bs003,bodily_state,data,fiction,0.16633808612823486,0.8336619138717651
bs003,bodily_state,data,code,0.06620121002197266,0.9337987899780273
bs003,bodily_state,fiction,code,0.2292311191558838,0.7707688808441162
bs004,bodily_state,direct,clinical,0.05723470449447632,0.9427652955055237
bs004,bodily_state,direct,data,0.11109036207199097,0.888909637928009
bs004,bodily_state,direct,fiction,0.1072920560836792,0.8927079439163208
bs004,bodily_state,direct,code,0.08616757392883301,0.913832426071167
bs004,bodily_state,clinical,data,0.09191852807998657,0.9080814719200134
bs004,bodily_state,clinical,fiction,0.103756844997406,0.896243155002594
bs004,bodily_state,clinical,code,0.08217495679855347,0.9178250432014465
bs004,bodily_state,data,fiction,0.15727394819259644,0.8427260518074036
bs004,bodily_state,data,code,0.07829314470291138,0.9217068552970886
bs004,bodily_state,fiction,code,0.19417834281921387,0.8058216571807861
bs005,bodily_state,direct,clinical,0.04614222049713135,0.9538577795028687
bs005,bodily_state,direct,data,0.14249736070632935,0.8575026392936707
bs005,bodily_state,direct,fiction,0.09133845567703247,0.9086615443229675
bs005,bodily_state,direct,code,0.13197863101959229,0.8680213689804077
bs005,bodily_state,clinical,data,0.09936583042144775,0.9006341695785522
bs005,bodily_state,clinical,fiction,0.1051742434501648,0.8948257565498352
bs005,bodily_state,clinical,code,0.07863593101501465,0.9213640689849854
bs005,bodily_state,data,fiction,0.1793925166130066,0.8206074833869934
bs005,bodily_state,data,code,0.06040436029434204,0.939595639705658
bs005,bodily_state,fiction,code,0.20396161079406738,0.7960383892059326
bs006,bodily_state,direct,clinical,0.03559976816177368,0.9644002318382263
bs006,bodily_state,direct,data,0.10157513618469238,0.8984248638153076
bs006,bodily_state,direct,fiction,0.1479947566986084,0.8520052433013916
bs006,bodily_state,direct,code,0.07947194576263428,0.9205280542373657
bs006,bodily_state,clinical,data,0.10332697629928589,0.8966730237007141
bs006,bodily_state,clinical,fiction,0.11566734313964844,0.8843326568603516
bs006,bodily_state,clinical,code,0.08586353063583374,0.9141364693641663
bs006,bodily_state,data,fiction,0.1868475079536438,0.8131524920463562
bs006,bodily_state,data,code,0.06480264663696289,0.9351973533630371
bs006,bodily_state,fiction,code,0.2218196988105774,0.7781803011894226
bs007,bodily_state,direct,clinical,0.021722137928009033,0.978277862071991
bs007,bodily_state,direct,data,0.07750767469406128,0.9224923253059387
bs007,bodily_state,direct,fiction,0.07793128490447998,0.92206871509552
bs007,bodily_state,direct,code,0.09723567962646484,0.9027643203735352
bs007,bodily_state,clinical,data,0.07001477479934692,0.9299852252006531
bs007,bodily_state,clinical,fiction,0.08621841669082642,0.9137815833091736
bs007,bodily_state,clinical,code,0.0732221007347107,0.9267778992652893
bs007,bodily_state,data,fiction,0.13813120126724243,0.8618687987327576
bs007,bodily_state,data,code,0.06324821710586548,0.9367517828941345
bs007,bodily_state,fiction,code,0.19085419178009033,0.8091458082199097
bs008,bodily_state,direct,clinical,0.029807090759277344,0.9701929092407227
bs008,bodily_state,direct,data,0.0705370306968689,0.9294629693031311
bs008,bodily_state,direct,fiction,0.10822504758834839,0.8917749524116516
bs008,bodily_state,direct,code,0.06488692760467529,0.9351130723953247
bs008,bodily_state,clinical,data,0.078502357006073,0.921497642993927
bs008,bodily_state,clinical,fiction,0.12181508541107178,0.8781849145889282
bs008,bodily_state,clinical,code,0.06831502914428711,0.9316849708557129
bs008,bodily_state,data,fiction,0.1584368348121643,0.8415631651878357
bs008,bodily_state,data,code,0.050170958042144775,0.9498290419578552
bs008,bodily_state,fiction,code,0.19443827867507935,0.8055617213249207
sc001,sexual_content,direct,clinical,0.04348880052566528,0.9565111994743347
sc001,sexual_content,direct,data,0.1005011796951294,0.8994988203048706
sc001,sexual_content,direct,fiction,0.07765364646911621,0.9223463535308838
sc001,sexual_content,direct,code,0.06182301044464111,0.9381769895553589
sc001,sexual_content,clinical,data,0.14229005575180054,0.8577099442481995
sc001,sexual_content,clinical,fiction,0.0888243317604065,0.9111756682395935
sc001,sexual_content,clinical,code,0.0914386510848999,0.9085613489151001
sc001,sexual_content,data,fiction,0.17892640829086304,0.821073591709137
sc001,sexual_content,data,code,0.05924654006958008,0.9407534599304199
sc001,sexual_content,fiction,code,0.14601963758468628,0.8539803624153137
sc002,sexual_content,direct,clinical,0.044663846492767334,0.9553361535072327
sc002,sexual_content,direct,data,0.10897195339202881,0.8910280466079712
sc002,sexual_content,direct,fiction,0.06642097234725952,0.9335790276527405
sc002,sexual_content,direct,code,0.07585012912750244,0.9241498708724976
sc002,sexual_content,clinical,data,0.11896908283233643,0.8810309171676636
sc002,sexual_content,clinical,fiction,0.10909527540206909,0.8909047245979309
sc002,sexual_content,clinical,code,0.10046571493148804,0.899534285068512
sc002,sexual_content,data,fiction,0.16296201944351196,0.837037980556488
sc002,sexual_content,data,code,0.09257608652114868,0.9074239134788513
sc002,sexual_content,fiction,code,0.14744895696640015,0.8525510430335999
sc003,sexual_content,direct,clinical,0.07105356454849243,0.9289464354515076
sc003,sexual_content,direct,data,0.11564946174621582,0.8843505382537842
sc003,sexual_content,direct,fiction,0.08926773071289062,0.9107322692871094
sc003,sexual_content,direct,code,0.08367353677749634,0.9163264632225037
sc003,sexual_content,clinical,data,0.13413715362548828,0.8658628463745117
sc003,sexual_content,clinical,fiction,0.136962890625,0.863037109375
sc003,sexual_content,clinical,code,0.09853243827819824,0.9014675617218018
sc003,sexual_content,data,fiction,0.20029383897781372,0.7997061610221863
sc003,sexual_content,data,code,0.07126885652542114,0.9287311434745789
sc003,sexual_content,fiction,code,0.1747865080833435,0.8252134919166565
sc004,sexual_content,direct,clinical,0.03892165422439575,0.9610783457756042
sc004,sexual_content,direct,data,0.11015456914901733,0.8898454308509827
sc004,sexual_content,direct,fiction,0.09354472160339355,0.9064552783966064
sc004,sexual_content,direct,code,0.11345738172531128,0.8865426182746887
sc004,sexual_content,clinical,data,0.10669350624084473,0.8933064937591553
sc004,sexual_content,clinical,fiction,0.0954558253288269,0.9045441746711731
sc004,sexual_content,clinical,code,0.1108890175819397,0.8891109824180603
sc004,sexual_content,data,fiction,0.15688848495483398,0.843111515045166
sc004,sexual_content,data,code,0.07402658462524414,0.9259734153747559
sc004,sexual_content,fiction,code,0.20770931243896484,0.7922906875610352
sc005,sexual_content,direct,clinical,0.05584925413131714,0.9441507458686829
sc005,sexual_content,direct,data,0.09459531307220459,0.9054046869277954
sc005,sexual_content,direct,fiction,0.06754523515701294,0.9324547648429871
sc005,sexual_content,direct,code,0.06895148754119873,0.9310485124588013
sc005,sexual_content,clinical,data,0.13667356967926025,0.8633264303207397
sc005,sexual_content,clinical,fiction,0.069979727268219,0.930020272731781
sc005,sexual_content,clinical,code,0.10644614696502686,0.8935538530349731
sc005,sexual_content,data,fiction,0.15742087364196777,0.8425791263580322
sc005,sexual_content,data,code,0.07221454381942749,0.9277854561805725
sc005,sexual_content,fiction,code,0.14178496599197388,0.8582150340080261
sc006,sexual_content,direct,clinical,0.021688401699066162,0.9783115983009338
sc006,sexual_content,direct,data,0.09913212060928345,0.9008678793907166
sc006,sexual_content,direct,fiction,0.08178520202636719,0.9182147979736328
sc006,sexual_content,direct,code,0.09006118774414062,0.9099388122558594
sc006,sexual_content,clinical,data,0.11067193746566772,0.8893280625343323
sc006,sexual_content,clinical,fiction,0.097770094871521,0.902229905128479
sc006,sexual_content,clinical,code,0.08935606479644775,0.9106439352035522
sc006,sexual_content,data,fiction,0.17211753129959106,0.8278824687004089
sc006,sexual_content,data,code,0.06560200452804565,0.9343979954719543
sc006,sexual_content,fiction,code,0.187280535697937,0.812719464302063
sc007,sexual_content,direct,clinical,0.06747382879257202,0.932526171207428
sc007,sexual_content,direct,data,0.08390969038009644,0.9160903096199036
sc007,sexual_content,direct,fiction,0.06009471416473389,0.9399052858352661
sc007,sexual_content,direct,code,0.07805943489074707,0.9219405651092529
sc007,sexual_content,clinical,data,0.12134778499603271,0.8786522150039673
sc007,sexual_content,clinical,fiction,0.06794160604476929,0.9320583939552307
sc007,sexual_content,clinical,code,0.11989766359329224,0.8801023364067078
sc007,sexual_content,data,fiction,0.1276545524597168,0.8723454475402832
sc007,sexual_content,data,code,0.0616527795791626,0.9383472204208374
sc007,sexual_content,fiction,code,0.13694214820861816,0.8630578517913818
sc008,sexual_content,direct,clinical,0.05310702323913574,0.9468929767608643
sc008,sexual_content,direct,data,0.11393684148788452,0.8860631585121155
sc008,sexual_content,direct,fiction,0.05959099531173706,0.9404090046882629
sc008,sexual_content,direct,code,0.09405934810638428,0.9059406518936157
sc008,sexual_content,clinical,data,0.13591015338897705,0.864089846611023
sc008,sexual_content,clinical,fiction,0.11660158634185791,0.8833984136581421
sc008,sexual_content,clinical,code,0.08978313207626343,0.9102168679237366
sc008,sexual_content,data,fiction,0.19403088092803955,0.8059691190719604
sc008,sexual_content,data,code,0.06002527475357056,0.9399747252464294
sc008,sexual_content,fiction,code,0.17784464359283447,0.8221553564071655
sh001,self_harm,direct,clinical,0.04904186725616455,0.9509581327438354
sh001,self_harm,direct,data,0.11564552783966064,0.8843544721603394
sh001,self_harm,direct,fiction,0.11058312654495239,0.8894168734550476
sh001,self_harm,direct,code,0.08326315879821777,0.9167368412017822
sh001,self_harm,clinical,data,0.11112344264984131,0.8888765573501587
sh001,self_harm,clinical,fiction,0.11222648620605469,0.8877735137939453
sh001,self_harm,clinical,code,0.08508902788162231,0.9149109721183777
sh001,self_harm,data,fiction,0.17285478115081787,0.8271452188491821
sh001,self_harm,data,code,0.07675784826278687,0.9232421517372131
sh001,self_harm,fiction,code,0.207835853099823,0.792164146900177
sh002,self_harm,direct,clinical,0.06149250268936157,0.9385074973106384
sh002,self_harm,direct,data,0.11932563781738281,0.8806743621826172
sh002,self_harm,direct,fiction,0.1055746078491211,0.8944253921508789
sh002,self_harm,direct,code,0.10212385654449463,0.8978761434555054
sh002,self_harm,clinical,data,0.13719600439071655,0.8628039956092834
sh002,self_harm,clinical,fiction,0.14813661575317383,0.8518633842468262
sh002,self_harm,clinical,code,0.09436672925949097,0.905633270740509
sh002,self_harm,data,fiction,0.21929723024368286,0.7807027697563171
sh002,self_harm,data,code,0.08763390779495239,0.9123660922050476
sh002,self_harm,fiction,code,0.23102247714996338,0.7689775228500366
sh003,self_harm,direct,clinical,0.030191779136657715,0.9698082208633423
sh003,self_harm,direct,data,0.05667150020599365,0.9433284997940063
sh003,self_harm,direct,fiction,0.09327757358551025,0.9067224264144897
sh003,self_harm,direct,code,0.05288463830947876,0.9471153616905212
sh003,self_harm,clinical,data,0.0753563642501831,0.9246436357498169
sh003,self_harm,clinical,fiction,0.09251099824905396,0.907489001750946
sh003,self_harm,clinical,code,0.07406431436538696,0.925935685634613
sh003,self_harm,data,fiction,0.11889392137527466,0.8811060786247253
sh003,self_harm,data,code,0.04580110311508179,0.9541988968849182
sh003,self_harm,fiction,code,0.15744549036026,0.84255450963974
sh004,self_harm,direct,clinical,0.05687469244003296,0.943125307559967
sh004,self_harm,direct,data,0.1478254795074463,0.8521745204925537
sh004,self_harm,direct,fiction,0.11333250999450684,0.8866674900054932
sh004,self_harm,direct,code,0.12763434648513794,0.8723656535148621
sh004,self_harm,clinical,data,0.13731378316879272,0.8626862168312073
sh004,self_harm,clinical,fiction,0.12926805019378662,0.8707319498062134
sh004,self_harm,clinical,code,0.09482866525650024,0.9051713347434998
sh004,self_harm,data,fiction,0.22544926404953003,0.77455073595047
sh004,self_harm,data,code,0.07755929231643677,0.9224407076835632
sh004,self_harm,fiction,code,0.23184603452682495,0.768153965473175
sh005,self_harm,direct,clinical,0.03835856914520264,0.9616414308547974
sh005,self_harm,direct,data,0.09582334756851196,0.904176652431488
sh005,self_harm,direct,fiction,0.12608397006988525,0.8739160299301147
sh005,self_harm,direct,code,0.0625644326210022,0.9374355673789978
sh005,self_harm,clinical,data,0.11517328023910522,0.8848267197608948
sh005,self_harm,clinical,fiction,0.13363510370254517,0.8663648962974548
sh005,self_harm,clinical,code,0.08670693635940552,0.9132930636405945
sh005,self_harm,data,fiction,0.18668943643569946,0.8133105635643005
sh005,self_harm,data,code,0.0679435133934021,0.9320564866065979
sh005,self_harm,fiction,code,0.21153408288955688,0.7884659171104431
sh006,self_harm,direct,clinical,0.018759727478027344,0.9812402725219727
sh006,self_harm,direct,data,0.04966694116592407,0.9503330588340759
sh006,self_harm,direct,fiction,0.0782705545425415,0.9217294454574585
sh006,self_harm,direct,code,0.04434967041015625,0.9556503295898438
sh006,self_harm,clinical,data,0.05726224184036255,0.9427377581596375
sh006,self_harm,clinical,fiction,0.0805196762084961,0.9194803237915039
sh006,self_harm,clinical,code,0.05116194486618042,0.9488380551338196
sh006,self_harm,data,fiction,0.12219548225402832,0.8778045177459717
sh006,self_harm,data,code,0.03345531225204468,0.9665446877479553
sh006,self_harm,fiction,code,0.13221436738967896,0.867785632610321
sh007,self_harm,direct,clinical,0.027275025844573975,0.972724974155426
sh007,self_harm,direct,data,0.08664876222610474,0.9133512377738953
sh007,self_harm,direct,fiction,0.09415668249130249,0.9058433175086975
sh007,self_harm,direct,code,0.0639798641204834,0.9360201358795166
sh007,self_harm,clinical,data,0.1049155592918396,0.8950844407081604
sh007,self_harm,clinical,fiction,0.09522134065628052,0.9047786593437195
sh007,self_harm,clinical,code,0.07909053564071655,0.9209094643592834
sh007,self_harm,data,fiction,0.15816575288772583,0.8418342471122742
sh007,self_harm,data,code,0.07241660356521606,0.9275833964347839
sh007,self_harm,fiction,code,0.18188166618347168,0.8181183338165283
sh008,self_harm,direct,clinical,0.028103947639465332,0.9718960523605347
sh008,self_harm,direct,data,0.07607603073120117,0.9239239692687988
sh008,self_harm,direct,fiction,0.08073806762695312,0.9192619323730469
sh008,self_harm,direct,code,0.10260307788848877,0.8973969221115112
sh008,self_harm,clinical,data,0.08237910270690918,0.9176208972930908
sh008,self_harm,clinical,fiction,0.09661209583282471,0.9033879041671753
sh008,self_harm,clinical,code,0.07518130540847778,0.9248186945915222
sh008,self_harm,data,fiction,0.12510311603546143,0.8748968839645386
sh008,self_harm,data,code,0.07541269063949585,0.9245873093605042
sh008,self_harm,fiction,code,0.17692482471466064,0.8230751752853394
vi001,violence,direct,clinical,0.036892831325531006,0.963107168674469
vi001,violence,direct,data,0.09423214197158813,0.9057678580284119
vi001,violence,direct,fiction,0.10519450902938843,0.8948054909706116
vi001,violence,direct,code,0.08826422691345215,0.9117357730865479
vi001,violence,clinical,data,0.11145049333572388,0.8885495066642761
vi001,violence,clinical,fiction,0.11349231004714966,0.8865076899528503
vi001,violence,clinical,code,0.09195196628570557,0.9080480337142944
vi001,violence,data,fiction,0.15978187322616577,0.8402181267738342
vi001,violence,data,code,0.07442712783813477,0.9255728721618652
vi001,violence,fiction,code,0.19791662693023682,0.8020833730697632
vi002,violence,direct,clinical,0.04722064733505249,0.9527793526649475
vi002,violence,direct,data,0.07751613855361938,0.9224838614463806
vi002,violence,direct,fiction,0.06880950927734375,0.9311904907226562
vi002,violence,direct,code,0.06247663497924805,0.937523365020752
vi002,violence,clinical,data,0.10289335250854492,0.8971066474914551
vi002,violence,clinical,fiction,0.07113808393478394,0.9288619160652161
vi002,violence,clinical,code,0.09958600997924805,0.900413990020752
vi002,violence,data,fiction,0.13016045093536377,0.8698395490646362
vi002,violence,data,code,0.06870633363723755,0.9312936663627625
vi002,violence,fiction,code,0.15915542840957642,0.8408445715904236
vi003,violence,direct,clinical,0.047109782695770264,0.9528902173042297
vi003,violence,direct,data,0.112964928150177,0.887035071849823
vi003,violence,direct,fiction,0.07485800981521606,0.9251419901847839
vi003,violence,direct,code,0.11428743600845337,0.8857125639915466
vi003,violence,clinical,data,0.11825340986251831,0.8817465901374817
vi003,violence,clinical,fiction,0.09182751178741455,0.9081724882125854
vi003,violence,clinical,code,0.11414110660552979,0.8858588933944702
vi003,violence,data,fiction,0.17498564720153809,0.8250143527984619
vi003,violence,data,code,0.0723373293876648,0.9276626706123352
vi003,violence,fiction,code,0.1995055079460144,0.8004944920539856
vi004,violence,direct,clinical,0.05929797887802124,0.9407020211219788
vi004,violence,direct,data,0.12554794549942017,0.8744520545005798
vi004,violence,direct,fiction,0.10226160287857056,0.8977383971214294
vi004,violence,direct,code,0.11908066272735596,0.880919337272644
vi004,violence,clinical,data,0.11731010675430298,0.882689893245697
vi004,violence,clinical,fiction,0.13174855709075928,0.8682514429092407
vi004,violence,clinical,code,0.09210151433944702,0.907898485660553
vi004,violence,data,fiction,0.19348639249801636,0.8065136075019836
vi004,violence,data,code,0.0778125524520874,0.9221874475479126
vi004,violence,fiction,code,0.23342376947402954,0.7665762305259705
vi005,violence,direct,clinical,0.04919248819351196,0.950807511806488
vi005,violence,direct,data,0.11571955680847168,0.8842804431915283
vi005,violence,direct,fiction,0.07303494215011597,0.926965057849884
vi005,violence,direct,code,0.07617485523223877,0.9238251447677612
vi005,violence,clinical,data,0.14613300561904907,0.8538669943809509
vi005,violence,clinical,fiction,0.13802212476730347,0.8619778752326965
vi005,violence,clinical,code,0.09908568859100342,0.9009143114089966
vi005,violence,data,fiction,0.1909245252609253,0.8090754747390747
vi005,violence,data,code,0.06387710571289062,0.9361228942871094
vi005,violence,fiction,code,0.14492928981781006,0.8550707101821899
vi006,violence,direct,clinical,0.0460469126701355,0.9539530873298645
vi006,violence,direct,data,0.11664879322052002,0.88335120677948
vi006,violence,direct,fiction,0.07806903123855591,0.9219309687614441
vi006,violence,direct,code,0.07975572347640991,0.9202442765235901
vi006,violence,clinical,data,0.12561970949172974,0.8743802905082703
vi006,violence,clinical,fiction,0.11254900693893433,0.8874509930610657
vi006,violence,clinical,code,0.10050219297409058,0.8994978070259094
vi006,violence,data,fiction,0.194527268409729,0.805472731590271
vi006,violence,data,code,0.08944731950759888,0.9105526804924011
vi006,violence,fiction,code,0.1870240569114685,0.8129759430885315
vi007,violence,direct,clinical,0.03980761766433716,0.9601923823356628
vi007,violence,direct,data,0.10385125875473022,0.8961487412452698
vi007,violence,direct,fiction,0.08760303258895874,0.9123969674110413
vi007,violence,direct,code,0.07934916019439697,0.920650839805603
vi007,violence,clinical,data,0.11772072315216064,0.8822792768478394
vi007,violence,clinical,fiction,0.09950530529022217,0.9004946947097778
vi007,violence,clinical,code,0.08488035202026367,0.9151196479797363
vi007,violence,data,fiction,0.1709836721420288,0.8290163278579712
vi007,violence,data,code,0.060573041439056396,0.9394269585609436
vi007,violence,fiction,code,0.1678878664970398,0.8321121335029602
vi008,violence,direct,clinical,0.05208945274353027,0.9479105472564697
vi008,violence,direct,data,0.12328237295150757,0.8767176270484924
vi008,violence,direct,fiction,0.07230526208877563,0.9276947379112244
vi008,violence,direct,code,0.1161835789680481,0.8838164210319519
vi008,violence,clinical,data,0.1130819320678711,0.8869180679321289
vi008,violence,clinical,fiction,0.09684300422668457,0.9031569957733154
vi008,violence,clinical,code,0.09942913055419922,0.9005708694458008
vi008,violence,data,fiction,0.15087157487869263,0.8491284251213074
vi008,violence,data,code,0.05931943655014038,0.9406805634498596
vi008,violence,fiction,code,0.1684778332710266,0.8315221667289734
vi009,violence,direct,clinical,0.08599853515625,0.91400146484375
vi009,violence,direct,data,0.14277887344360352,0.8572211265563965
vi009,violence,direct,fiction,0.13991707563400269,0.8600829243659973
vi009,violence,direct,code,0.09688460826873779,0.9031153917312622
vi009,violence,clinical,data,0.14036118984222412,0.8596388101577759
vi009,violence,clinical,fiction,0.12368708848953247,0.8763129115104675
vi009,violence,clinical,code,0.09675800800323486,0.9032419919967651
vi009,violence,data,fiction,0.23173540830612183,0.7682645916938782
vi009,violence,data,code,0.06929421424865723,0.9307057857513428
vi009,violence,fiction,code,0.21690738201141357,0.7830926179885864
su001,substance_use,direct,clinical,0.051566481590270996,0.948433518409729
su001,substance_use,direct,data,0.10424554347991943,0.8957544565200806
su001,substance_use,direct,fiction,0.12858366966247559,0.8714163303375244
su001,substance_use,direct,code,0.0764089822769165,0.9235910177230835
su001,substance_use,clinical,data,0.12564849853515625,0.8743515014648438
su001,substance_use,clinical,fiction,0.11359894275665283,0.8864010572433472
su001,substance_use,clinical,code,0.08205610513687134,0.9179438948631287
su001,substance_use,data,fiction,0.19327712059020996,0.80672287940979
su001,substance_use,data,code,0.07386595010757446,0.9261340498924255
su001,substance_use,fiction,code,0.19827771186828613,0.8017222881317139
su002,substance_use,direct,clinical,0.030309855937957764,0.9696901440620422
su002,substance_use,direct,data,0.10949212312698364,0.8905078768730164
su002,substance_use,direct,fiction,0.11870646476745605,0.881293535232544
su002,substance_use,direct,code,0.06685936450958252,0.9331406354904175
su002,substance_use,clinical,data,0.12880051136016846,0.8711994886398315
su002,substance_use,clinical,fiction,0.12321698665618896,0.876783013343811
su002,substance_use,clinical,code,0.08171534538269043,0.9182846546173096
su002,substance_use,data,fiction,0.2313283085823059,0.7686716914176941
su002,substance_use,data,code,0.07080799341201782,0.9291920065879822
su002,substance_use,fiction,code,0.22524511814117432,0.7747548818588257
su003,substance_use,direct,clinical,0.031494855880737305,0.9685051441192627
su003,substance_use,direct,data,0.08897751569747925,0.9110224843025208
su003,substance_use,direct,fiction,0.08056783676147461,0.9194321632385254
su003,substance_use,direct,code,0.07378411293029785,0.9262158870697021
su003,substance_use,clinical,data,0.11066371202468872,0.8893362879753113
su003,substance_use,clinical,fiction,0.09715414047241211,0.9028458595275879
su003,substance_use,clinical,code,0.08147305250167847,0.9185269474983215
su003,substance_use,data,fiction,0.17163634300231934,0.8283636569976807
su003,substance_use,data,code,0.07129096984863281,0.9287090301513672
su003,substance_use,fiction,code,0.17484283447265625,0.8251571655273438
su004,substance_use,direct,clinical,0.07515454292297363,0.9248454570770264
su004,substance_use,direct,data,0.16363149881362915,0.8363685011863708
su004,substance_use,direct,fiction,0.1803085207939148,0.8196914792060852
su004,substance_use,direct,code,0.09298056364059448,0.9070194363594055
su004,substance_use,clinical,data,0.1584714651107788,0.8415285348892212
su004,substance_use,clinical,fiction,0.14683550596237183,0.8531644940376282
su004,substance_use,clinical,code,0.1130172610282898,0.8869827389717102
su004,substance_use,data,fiction,0.2337743043899536,0.7662256956100464
su004,substance_use,data,code,0.09670507907867432,0.9032949209213257
su004,substance_use,fiction,code,0.2671993374824524,0.7328006625175476
su005,substance_use,direct,clinical,0.031004726886749268,0.9689952731132507
su005,substance_use,direct,data,0.09578776359558105,0.904212236404419
su005,substance_use,direct,fiction,0.11028587818145752,0.8897141218185425
su005,substance_use,direct,code,0.07959878444671631,0.9204012155532837
su005,substance_use,clinical,data,0.11487066745758057,0.8851293325424194
su005,substance_use,clinical,fiction,0.12097394466400146,0.8790260553359985
su005,substance_use,clinical,code,0.07878810167312622,0.9212118983268738
su005,substance_use,data,fiction,0.1827399730682373,0.8172600269317627
su005,substance_use,data,code,0.07036644220352173,0.9296335577964783
su005,substance_use,fiction,code,0.21332961320877075,0.7866703867912292
su006,substance_use,direct,clinical,0.050805091857910156,0.9491949081420898
su006,substance_use,direct,data,0.10337656736373901,0.896623432636261
su006,substance_use,direct,fiction,0.10281157493591309,0.8971884250640869
su006,substance_use,direct,code,0.08144909143447876,0.9185509085655212
su006,substance_use,clinical,data,0.1295728087425232,0.8704271912574768
su006,substance_use,clinical,fiction,0.11017459630966187,0.8898254036903381
su006,substance_use,clinical,code,0.0863611102104187,0.9136388897895813
su006,substance_use,data,fiction,0.1708933711051941,0.8291066288948059
su006,substance_use,data,code,0.08479678630828857,0.9152032136917114
su006,substance_use,fiction,code,0.19580495357513428,0.8041950464248657
su007,substance_use,direct,clinical,0.06835085153579712,0.9316491484642029
su007,substance_use,direct,data,0.12022942304611206,0.8797705769538879
su007,substance_use,direct,fiction,0.14550870656967163,0.8544912934303284
su007,substance_use,direct,code,0.08944207429885864,0.9105579257011414
su007,substance_use,clinical,data,0.13074004650115967,0.8692599534988403
su007,substance_use,clinical,fiction,0.12483543157577515,0.8751645684242249
su007,substance_use,clinical,code,0.08871203660964966,0.9112879633903503
su007,substance_use,data,fiction,0.20798122882843018,0.7920187711715698
su007,substance_use,data,code,0.07646453380584717,0.9235354661941528
su007,substance_use,fiction,code,0.21220731735229492,0.7877926826477051
su008,substance_use,direct,clinical,0.04472130537033081,0.9552786946296692
su008,substance_use,direct,data,0.13884419202804565,0.8611558079719543
su008,substance_use,direct,fiction,0.12396246194839478,0.8760375380516052
su008,substance_use,direct,code,0.0921938419342041,0.9078061580657959
su008,substance_use,clinical,data,0.15372657775878906,0.8462734222412109
su008,substance_use,clinical,fiction,0.12701177597045898,0.872988224029541
su008,substance_use,clinical,code,0.08846110105514526,0.9115388989448547
su008,substance_use,data,fiction,0.25904446840286255,0.7409555315971375
su008,substance_use,data,code,0.07551330327987671,0.9244866967201233
su008,substance_use,fiction,code,0.21645164489746094,0.7835483551025391
dc001,deception,direct,clinical,0.06109970808029175,0.9389002919197083
dc001,deception,direct,data,0.10398757457733154,0.8960124254226685
dc001,deception,direct,fiction,0.119270920753479,0.880729079246521
dc001,deception,direct,code,0.0868687629699707,0.9131312370300293
dc001,deception,clinical,data,0.11099553108215332,0.8890044689178467
dc001,deception,clinical,fiction,0.11492502689361572,0.8850749731063843
dc001,deception,clinical,code,0.10661745071411133,0.8933825492858887
dc001,deception,data,fiction,0.19375741481781006,0.8062425851821899
dc001,deception,data,code,0.07190406322479248,0.9280959367752075
dc001,deception,fiction,code,0.22400015592575073,0.7759998440742493
dc002,deception,direct,clinical,0.05278509855270386,0.9472149014472961
dc002,deception,direct,data,0.08707857131958008,0.9129214286804199
dc002,deception,direct,fiction,0.07501709461212158,0.9249829053878784
dc002,deception,direct,code,0.051015496253967285,0.9489845037460327
dc002,deception,clinical,data,0.13307946920394897,0.866920530796051
dc002,deception,clinical,fiction,0.10658425092697144,0.8934157490730286
dc002,deception,clinical,code,0.0915755033493042,0.9084244966506958
dc002,deception,data,fiction,0.17704850435256958,0.8229514956474304
dc002,deception,data,code,0.068992018699646,0.931007981300354
dc002,deception,fiction,code,0.1326790452003479,0.8673209547996521
dc003,deception,direct,clinical,0.06932759284973145,0.9306724071502686
dc003,deception,direct,data,0.1262798309326172,0.8737201690673828
dc003,deception,direct,fiction,0.09464514255523682,0.9053548574447632
dc003,deception,direct,code,0.12169378995895386,0.8783062100410461
dc003,deception,clinical,data,0.09926056861877441,0.9007394313812256
dc003,deception,clinical,fiction,0.11115026473999023,0.8888497352600098
dc003,deception,clinical,code,0.10002821683883667,0.8999717831611633
dc003,deception,data,fiction,0.19203603267669678,0.8079639673233032
dc003,deception,data,code,0.07153552770614624,0.9284644722938538
dc003,deception,fiction,code,0.21868616342544556,0.7813138365745544
dc004,deception,direct,clinical,0.04456174373626709,0.9554382562637329
dc004,deception,direct,data,0.09110689163208008,0.9088931083679199
dc004,deception,direct,fiction,0.10387146472930908,0.8961285352706909
dc004,deception,direct,code,0.08547854423522949,0.9145214557647705
dc004,deception,clinical,data,0.10970979928970337,0.8902902007102966
dc004,deception,clinical,fiction,0.10977661609649658,0.8902233839035034
dc004,deception,clinical,code,0.0863848328590393,0.9136151671409607
dc004,deception,data,fiction,0.17976146936416626,0.8202385306358337
dc004,deception,data,code,0.06447511911392212,0.9355248808860779
dc004,deception,fiction,code,0.19481170177459717,0.8051882982254028
dc005,deception,direct,clinical,0.06352502107620239,0.9364749789237976
dc005,deception,direct,data,0.08650970458984375,0.9134902954101562
dc005,deception,direct,fiction,0.1185373067855835,0.8814626932144165
dc005,deception,direct,code,0.06642508506774902,0.933574914932251
dc005,deception,clinical,data,0.11312514543533325,0.8868748545646667
dc005,deception,clinical,fiction,0.1032988429069519,0.8967011570930481
dc005,deception,clinical,code,0.09225684404373169,0.9077431559562683
dc005,deception,data,fiction,0.18365997076034546,0.8163400292396545
dc005,deception,data,code,0.05810660123825073,0.9418933987617493
dc005,deception,fiction,code,0.1832348108291626,0.8167651891708374
dc006,deception,direct,clinical,0.051352739334106445,0.9486472606658936
dc006,deception,direct,data,0.08523344993591309,0.9147665500640869
dc006,deception,direct,fiction,0.10804897546768188,0.8919510245323181
dc006,deception,direct,code,0.0756039023399353,0.9243960976600647
dc006,deception,clinical,data,0.0965767502784729,0.9034232497215271
dc006,deception,clinical,fiction,0.09427207708358765,0.9057279229164124
dc006,deception,clinical,code,0.09863454103469849,0.9013654589653015
dc006,deception,data,fiction,0.1560051441192627,0.8439948558807373
dc006,deception,data,code,0.06666713953018188,0.9333328604698181
dc006,deception,fiction,code,0.21290463209152222,0.7870953679084778
dc007,deception,direct,clinical,0.07996320724487305,0.920036792755127
dc007,deception,direct,data,0.10201644897460938,0.8979835510253906
dc007,deception,direct,fiction,0.1419166922569275,0.8580833077430725
dc007,deception,direct,code,0.09135037660598755,0.9086496233940125
dc007,deception,clinical,data,0.14153587818145752,0.8584641218185425
dc007,deception,clinical,fiction,0.10301452875137329,0.8969854712486267
dc007,deception,clinical,code,0.11399251222610474,0.8860074877738953
dc007,deception,data,fiction,0.21926754713058472,0.7807324528694153
dc007,deception,data,code,0.07035505771636963,0.9296449422836304
dc007,deception,fiction,code,0.2123638391494751,0.7876361608505249
dc008,deception,direct,clinical,0.08694738149642944,0.9130526185035706
dc008,deception,direct,data,0.11399811506271362,0.8860018849372864
dc008,deception,direct,fiction,0.12190109491348267,0.8780989050865173
dc008,deception,direct,code,0.09931975603103638,0.9006802439689636
dc008,deception,clinical,data,0.11142206192016602,0.888577938079834
dc008,deception,clinical,fiction,0.07926023006439209,0.9207397699356079
dc008,deception,clinical,code,0.11285889148712158,0.8871411085128784
dc008,deception,data,fiction,0.16502004861831665,0.8349799513816833
dc008,deception,data,code,0.08163577318191528,0.9183642268180847
dc008,deception,fiction,code,0.17628079652786255,0.8237192034721375
dc009,deception,direct,clinical,0.032064199447631836,0.9679358005523682
dc009,deception,direct,data,0.06273627281188965,0.9372637271881104
dc009,deception,direct,fiction,0.06851756572723389,0.9314824342727661
dc009,deception,direct,code,0.050041794776916504,0.9499582052230835
dc009,deception,clinical,data,0.08053678274154663,0.9194632172584534
dc009,deception,clinical,fiction,0.06469887495040894,0.9353011250495911
dc009,deception,clinical,code,0.07961106300354004,0.92038893699646
dc009,deception,data,fiction,0.1206287145614624,0.8793712854385376
dc009,deception,data,code,0.05249917507171631,0.9475008249282837
dc009,deception,fiction,code,0.13420790433883667,0.8657920956611633
su009,substance_use,direct,clinical,0.023519039154052734,0.9764809608459473
su009,substance_use,direct,data,0.06928783655166626,0.9307121634483337
su009,substance_use,direct,fiction,0.07447075843811035,0.9255292415618896
su009,substance_use,direct,code,0.06444692611694336,0.9355530738830566
su009,substance_use,clinical,data,0.0626518726348877,0.9373481273651123
su009,substance_use,clinical,fiction,0.08081114292144775,0.9191888570785522
su009,substance_use,clinical,code,0.051019489765167236,0.9489805102348328
su009,substance_use,data,fiction,0.10779857635498047,0.8922014236450195
su009,substance_use,data,code,0.04524660110473633,0.9547533988952637
su009,substance_use,fiction,code,0.1382744312286377,0.8617255687713623
